Name,Category,Service,City,State,Phone,Website,Instagram,Facebook,Email,Reviews,Verified,Nonprofit
Aloha Hula Studio,Culture & Dance,Hula / Polynesian dance studio,Henderson,NV,(702) 401-0656,https://aloha-hulastudio.com/,,,,4,Yes,
Aloha Hula Studio,Culture & Dance,Hula dance studio,Granada Hills,CA,(818) 535-5207,https://aloha-hulastudio.com/,,,,4,Yes,
2 Scoops of Aloha LV,Restaurants & Food,Restaurant / Food service,Las Vegas,NV,+1-702-957-2737,https://www.thefoodygram.com/pages/2-scoops-of-aloha-lv-menu,,,,4,,
702 PlumbAIR,Professional Services,Local service provider,Las Vegas,NV,(702) 904-9277,https://www.702plumbair.com/?utm_source=google&utm_medium=gbp,,,,4,,
808 Automotive and Performance,Home & Auto,Auto repair,Henderson,NV,(702) 564-9258,http://www.cityofhenderson.com/index.php,,facebook.com/808Automotive/,,,,
9th Island Barber Shop & Tattoos,Professional Services,Local service provider,Las Vegas,NV,(702) 643-8181,http://www.9thislandtattoo.com/,,,,,,
9th Island Grill - Summerlin,Restaurants & Food,Restaurant / Food service,Las Vegas,NV,(702) 483-5518,https://www.grubhub.com/restaurant/9th-island-grill-3459-st-rose-pkwy-henderson/4386008,https://www.instagram.com/strosesquare/,,,4,,
Aileen Reyes - The Seguin Team,Real Estate,Real estate (service),Las Vegas,NV,(808) 339-4213,https://en.wikipedia.org/wiki/Las_Vegas,,,,5,,
Aloha Automotive Service & Repair,Home & Auto,Auto repair,Henderson,NV,(702) 869-2886,https://thealohaauto.com/,,,,4,,
Aloha Kitchen - E Charleston,Restaurants & Food,Restaurant / Food service,Las Vegas,NV,(702) 333-1760,https://alohakitchenlv.com/,,,,4,,
Aloha Kitchen and Bar - S Decatur,Restaurants & Food,Restaurant / Food service,Las Vegas,NV,(702) 364-0064,http://www.alohakitchenlv.com/,https://www.instagram.com/alohakitchenlv/,,,4,,
Aloha Specialties,Restaurants & Food,Restaurant / Food service,Las Vegas,NV,(702) 382-0338,https://thecal.boydgaming.com/dine/aloha-specialties,,,,4,,
Asphalt +,Home & Auto,Home & Auto,,NV,(775) 813-4474,,https://www.instagram.com/aplusseal,,,,,
BabyStacks Cafe 1 - Summerlin,Restaurants & Food,Restaurant / Food service,Las Vegas,NV,(702) 541-6708,https://www.babystackslv.com/,https://www.instagram.com/babystackscafe,,,4,,
BabyStacks Cafe 2 - Spring Valley,Restaurants & Food,Restaurant / Food service,Las Vegas,NV,(702) 665-4419,http://www.babystackscafe.com/,https://www.instagram.com/babystackscafe,,,4,,
BabyStacks Cafe 3 - Centennial Hills,Restaurants & Food,Restaurant / Food service,Las Vegas,NV,(702) 906-1946,http://www.babystackscafe.com/,,,,4,,
BabyStacks Cafe 4 - Henderson,Restaurants & Food,Restaurant / Food service,Henderson,NV,(702) 665-4419,https://www.babystackscafe.com/,https://www.instagram.com/babystackscafe,,,4,,
BabyStacks Cafe 5 - Mountains Edge,Restaurants & Food,Restaurant / Food service,Las Vegas,NV,(702) 665-4419,http://babystackscafe.com/,https://www.instagram.com/babystackscafe,,,4,,
BabyStacks Cafe 6 - Red Rock,Restaurants & Food,Restaurant / Food service,Las Vegas,NV,(702) 665-4419,https://babystackscafe.com/?page_id=123,https://www.instagram.com/babystackscafe,,,4,,
Blazin Steaks Las Vegas,Restaurants & Food,Restaurant / Food service,Las Vegas,NV,702-428-0079,http://www.binions.com/dining/binions_steakhouse.php,https://www.instagram.com/blazin_paddles/,,,4,,
Blended Craft Barber Studio,Professional Services,Local service provider,Las Vegas,NV,702-275-7438,https://www.theblendedcraft.com/,https://www.instagram.com/shopmeadowsmall/,,,4,,
Blueprint Investment Group & Financial Solutions,Professional Services,Local service provider,Las Vegas,NV,(702) 420-0230,,,,,,,
BOWLZ LV,Restaurants & Food,Restaurant / Food service,Las Vegas,NV,(702) 260-6465,https://bowlzlv.com/?utm_source=google,,,,4,,
Candid Salon,Professional Services,Local service provider,Las Vegas,NV,(702) 338-9634,http://www.candidsalon.com/,https://www.instagram.com/newunaturalbeauty/,,,4,,
Compass Realty Management,Real Estate,Real estate (service),Las Vegas,NV,702-767-7162,http://www.compasslv.com/,,,,3,,
Donovan Reyes - Realty One Group,Real Estate,Real estate (service),Las Vegas,NV,(702) 906-0389,http://donovanreyesteam.com/,,https://www.facebook.com/Vivahomevegas/,,4,,
Factory of Dreams Hall Las Vegas,Events & Entertainment,Event venue,Las Vegas,NV,702.812.6805,,https://www.instagram.com/factoryofdreams1/,,,,,
Forever Home Realty,Real Estate,Real estate (service),Las Vegas,NV,702-336-8868,,,,,5,,
Generations Kitchen,Restaurants & Food,Hawaiian restaurant / catering,Las Vegas,NV,(702) 998-9110,https://generationskitchenvegas.com/,,,,4,,
Grinds 2 Da Max,Restaurants & Food,Restaurant / Food service,Las Vegas,NV,(808) 779-5091,https://grinds2damaxlv.com/,,,,4,,
Guaiya Island Fusion Food Truck,Restaurants & Food,Food truck,Las Vegas,NV,(702) 701-3311,,,facebook.com/Guaiya-Food-Truck-LV,,4,,
Hair With Lei,Salons & Beauty,Health & Beauty,Las Vegas,NV,,,https://www.instagram.com/hairwithlei,,,,,
Hawaiian Style Poke,Restaurants & Food,Restaurant / Food service,Las Vegas,NV,(725) 310-5040,,https://www.instagram.com/locals.poke.lv/?hl=en,,,4,,
Heavyweights Detail LLC,Home & Auto,Auto detailing,North Las Vegas,NV,(669) 290-0201,https://heavyweightscustoms.com/,instagram.com/heavyweightsdetail,facebook.com/people/Heavyweights-Detail-East-Bay-Area/100076238376748/,,5,,
Inner Visions Tattoo (Mike Rosal),Tattoo,Polynesian tattoo artist,Las Vegas,NV,(702) 732-2200,https://www.innervisionstattoo.com/mike-rosal,,,,4,,
Island Auto Service,Home & Auto,Auto repair,Henderson,NV,(702) 564-9258,http://9thislandautomotive.com/,,,,4,,
Island Dental,Professional Services,Local service provider,Las Vegas,NV,(702) 341-7979,http://www.islanddentalcenter.com/,,,,4,,
Island Fit,Salons & Beauty,Health & Beauty,Rochester,NV,5854040076,https://www.islandfit.fit,https://www.instagram.com/islandfitroc,,,,,
Island Flavor Express,Restaurants & Food,Restaurant / Food service,Las Vegas,NV,(702) 366-1109,https://pacificislandtaste.com/,,,,4,,
Island Smiles Family & Cosmetic Dentistry,Professional Services,Local service provider,Las Vegas,NV,702-270-6501,https://www.islandsmiles.org/,,https://www.facebook.com/pages/Island-Smiles-Family-Cosmetic-Dentistry/116193248723,,4,,
Island Style 2,Restaurants & Food,Restaurant / Food service,Las Vegas,NV,(702) 331-7539,,,,,4,,
Island Style Restaurant,Restaurants & Food,Restaurant / Food service,Las Vegas,NV,(702) 871-1911,https://www.theislandbargrill.com/home,,,,4,,
Island Sushi and Grill,Restaurants & Food,Restaurant / Food service,Las Vegas,NV,(702)-221-1600,http://www.islandsushiandgrill.com/,https://www.instagram.com/islandsushilv,,,4,,
Islander Services LLC,Home & Auto,Hauling / building & construction materials,Las Vegas,NV,(702) 625-3886,http://www.nevadallcservices.com/,,,,4,,
Iwalani's Shave Ice,Restaurants & Food,Shave ice food truck,,NV,(702) 551-4982,https://streetfoodfinder.com/Iwalanis,,,,4,,
Jo's Malasadas,Restaurants & Food,Hawaiian cafe / bakery,Las Vegas,NV,(702) 500-0808,https://pipelinemalasadas.com/,,,,4,,
Ka Pā Hula Nā Pua O Kamaliʻi,Culture & Dance,Hula halau (dance school),Las Vegas,NV,,https://index.alohahulasupply.com/KaPHulaNPuaOKamalii,,,,,,
Kahuku Poke & Hawaiian BBQ,Restaurants & Food,Restaurant / Food service,Las Vegas,NV,(702) 906-2321,https://sites.google.com/view/kahukupoke/home,https://www.instagram.com/postmates,,,4,,
Kekoa Trucking LLC,Restaurants & Food,Trucking (building materials / lumber),North Las Vegas,NV,(702) 403-7902,http://koritastrucking.com/?utm_source=gmb&utm_medium=referral,,,,5,,
Keller Williams Realty Las Vegas,Real Estate,Real estate (service),Las Vegas,NV,702-515-9520,http://southwestlasvegas.yourkwoffice.com/,,,,4,,
Kona Bros Coffee,Restaurants & Food,Hawaiian coffee shop,Las Vegas,NV,(702) 780-4876,http://konabros.com/,,,,4,,
Kona Coffee House LV,Restaurants & Food,Mobile coffee cart / catering,Las Vegas,NV,(702) 506-8420,https://linktr.ee/konacoffeehouselv,https://www.instagram.com/konacoffeehouselv/,,,4,,
Kono's Northshore,Restaurants & Food,Restaurant / Food service,Las Vegas,NV,(808) 637-9211,https://konosnorthshore.com/konos-northshoresummerlinpkwy?utm_source=google,https://www.instagram.com/konoshawaii/,,,4,,
Las Vegas beach house ( formerly Shakespeare's),Professional Services,Bar / Lounge,Henderson,NV,(702) 837-7900,http://beachhousevegas.com/,,,,4,,
Le Umu LV,Restaurants & Food,Samoan restaurant / catering,Las Vegas,NV,(702) 602-7999,,https://www.instagram.com/leumulasvegas/,,,4,,
Leah Seguin - The Seguin Team,Real Estate,Real estate (service),Las Vegas,NV,(702) 581-1075,http://www.808tovegas.com/,,,,,,
Lee's Hawaiian Kitchen,Restaurants & Food,Restaurant / Food service,,NV,,,,,,,,
Lefty-J's Island Favorites,Restaurants & Food,Restaurant / Food service,Las Vegas,NV,(702) 780-4610,,,,,4,,
Leilani's Leis,Culture & Dance,Fresh Hawaiian lei / floral service,Las Vegas,NV,(888) 534-5264,https://leilanisleis.com/,,,,3,,
Leka Wall,Real Estate,Real Estate,Las Vegas,NV,(702) 515-9520,https://lekalasvegas.com/,https://www.instagram.com/lekasmecca,,,,,
Liesl – LV Braider,Salons & Beauty,Health & Beauty,Las Vegas,NV,(833) 575-5112,http://braided-by-lk.square.site/,https://www.instagram.com/braidsbyli702,,,5,,
Makai Pacific Island Grill - Rock Springs,Restaurants & Food,Restaurant / Food service,Las Vegas,NV,(702) 586-4218,https://makaigrill.com/,https://www.instagram.com/caviar,,,4,,
Mama's Island Flava LLC,Restaurants & Food,Food truck,Las Vegas,NV,(707) 331-9081,,instagram.com/mamasislandflava,facebook.com/mamasislandflava,,42,,
Manea Vegas (Manea Dancers),Culture & Dance,Polynesian luau entertainment & Hawaiian catering,Las Vegas,NV,(888) 338-3062,https://www.maneavegas.com/,,,,4,,
Matt Suiter Group,Real Estate,Real estate (service),Las Vegas,NV,(702) 339-6987,https://mattsuitergroup.com/,,,,5,,
Michelle Yoon - REALTOR @ Home Realty Center S.55156,Real Estate,Real estate (service),Las Vegas,NV,702-460-4316,http://www.propertysearchlv.com/,,https://www.facebook.com/MichelleYoonLV,Michelle.Yoon@cox.net,5,,
Nelson's Barber Shop,Professional Services,Local service provider,Las Vegas,NV,(702) 220-3839,https://www.instagram.com/yumabarbershoplv?igsh=MWd3MnZwdHZqNnZoZQ==&utm_source=qr,,,,4,,
Nikkilynn MUA,Salons & Beauty,Health & Beauty,Las Vegas,NV,(210) 712-9299,,https://www.instagram.com/hairessmears,,,,,
Ninth Island Vibes,Events & Entertainment,Event Services,Las Vegas,NV,(801) 702-3056,https://www.eventbrite.com/e/ninth-island-vibes-tickets-255715480887?fbclid=IwAR3PSkK1lJxcUh-KbXGxwg4GtDF14rrSPIcx2eA5odxYx8H3sKIlqJCfXFc,,,,5,,
Ohana Transport LLC,Restaurants & Food,Trucking / freight,Pahrump,NV,(425) 931-0371,http://www.ohanatransportllc-wa.com/,,,,5,,
Opulicious,Restaurants & Food,Restaurant / Food service,Las Vegas,NV,(725) 867-4250,https://www.thefoodygram.com/pages/opulicious-poke-plate-lunch-las-vegas-menu,,,,4,,
Opulicious Poke & Plate Lunch,Restaurants & Food,Poke / plate lunch,Las Vegas,NV,(725) 735-4065,http://dahalelv.com/,,,,4,,
Pa'ina Cafe - Blue Diamond,Restaurants & Food,Restaurant / Food service,Las Vegas,NV,(702) 268-7138,https://www.instagram.com/painacafelv/,http://instagram.com/painacafe,,,4,,
Pacific Island Taste,Restaurants & Food,Restaurant / Food service,Las Vegas,NV,702-366-1109,https://pacificislandtaste.com/,https://www.instagram.com/pacific_island_taste,,,4,,
Paina Cafe - Spring Mountain,Restaurants & Food,Restaurant / Food service,Las Vegas,NV,(702) 272-2790,http://www.painacafe.com/,,,,4,,
Panos Hall,Events & Entertainment,Event venue,Las Vegas,NV,(702) 889-6376,,https://www.instagram.com/360fyr,,,4,,
Pipeline Malasadas,Restaurants & Food,Hawaiian bakery (malasadas),Las Vegas,NV,(702) 500-0808,https://pipelinemalasadas.com/,,,,4,,
Poke Express - Craig,Restaurants & Food,Restaurant / Food service,Las Vegas,NV,(702) 639-0500,http://pokeexpress.net/,https://www.instagram.com/pokeexpresslv/,,,4,,
Poke Heaven,Restaurants & Food,Restaurant / Food service,Las Vegas,NV,(702) 730-3030,https://www.facebook.com/pokeheavenlv/,,,,4,,
Polynesian Tattoo Company,Tattoo,Polynesian tattoo studio,Las Vegas,NV,702-645-8181,https://polynesiantattoocompany.com/,,https://www.facebook.com/polynesiantattoocompany/,,4,,
Prestige Banquet and Event Center,Events & Entertainment,Event venue,Las Vegas,NV,(702) 848-3982,https://www.prestigebanquets.com/,,,,4,,
Red Rice,Restaurants & Food,Chamorro BBQ restaurant,Las Vegas,NV,(702) 912-4826,http://www.redricelv.com/,https://instagram.com/redricelv,,,4,,
Resolution Realty,Real Estate,Real estate (service),Las Vegas,NV,702-327-1027,http://randy-bell.myhomehq.biz/,,,,,,
Rhythms Dance Studio & Event Center,Events & Entertainment,Event venue,Las Vegas,NV,(866) 783-6577,http://www.rhythmslv.com/,,,,4,,
Rice to Go,Restaurants & Food,Restaurant / Food service,Las Vegas,NV,(702) 870-6888,,,,,4,,
Ross J's Aloha Grill,Restaurants & Food,Restaurant / Food service,Las Vegas,NV,702-435-5600,https://ross-js-aloha-grill.foodjoyy.com/#google_vignette,,,,4,,
Samoan Pride Trucking,Restaurants & Food,Trucking / construction hauling (sand & gravel),Las Vegas,NV,(702) 314-5633,,,,,,,
Servin 702 Shaved Ice,Restaurants & Food,Hawaiian shave ice mobile truck,Las Vegas,NV,(702) 509-4533,https://servin702shavedice.com/,https://www.instagram.com/servin702_shavedice/,,,4,,
Seven Hills Conference Center,Events & Entertainment,Event venue,Las Vegas,NV,(702) 675-7913,,,,,2,,
Sin City Cutz 2,Professional Services,Local service provider,Las Vegas,NV,+17023330496,https://www.sincitycutzbarbershop.com/,https://instagram.com/SinCityCutz2,,,4,,
Tagthat Designs,Professional Services,Local service provider,Las Vegas,NV,(702) 628-5618,http://www.tatedesigngroup1.com/,,,,5,,
Tepa Designs,Events & Entertainment,Event Services,,NV,(702) 900-4898,,https://www.instagram.com/tepa.designs,,,,,
The Mondido Group | Keller Williams Realty The Marketplace,Real Estate,Real estate (service),Las Vegas,NV,702-366-6393,http://brandonmondido.sothebysrealty.com/,,,,5,,
Tiki's Hawaiian BBQ,Restaurants & Food,Restaurant / Food service,Las Vegas,NV,(702) 979-9789,,https://www.instagram.com/tikis_hawaiian_bbq/?hl=en,,,4,,
Tunu Fixxx,Restaurants & Food,Food truck,Las Vegas,NV,(702) 302-3588,,,facebook.com/TunuFIXXX,,5,,
Unko Frank's Hawaiian BBQ,Restaurants & Food,Hawaiian BBQ restaurant / catering,Las Vegas,NV,(702) 405-8822,https://unkofrankshawaiianbbq.com/,,,,4,,
Unko Frank’s Hawaiian BBQ,Restaurants & Food,Restaurant / Food service,Las Vegas,NV,(702) 405-8822,http://unkofrankshawaiianbbq.com/,,,,4,,
World Wide Safety,Home & Auto,Home & Auto,Las Vegas,NV,(702) 355-4979,http://worldwidesafety.org/,https://www.instagram.com/worldwidesafety,,,4,,
Xpand Realty,Real Estate,Real estate (service),Las Vegas,NV,(702) 565-8838,http://www.xpandrealty.com/,https://www.instagram.com/xpand_realty_lasvegas/,,,4,,
'Ono Hula Truck,Restaurants & Food,Hawaiian food truck,Newton,NJ,,https://onocart.square.site/,,,,5,,
322 Training,Salons & Beauty,Health & Beauty,Sandy,UT,(385) 259-3419,,,https://www.facebook.com/three22training/,,,,
5 Brothers Concrete,Home & Auto,Home & Auto,Beaverton,OR,(503) 841-3078,https://www.5brothersconcrete.com/,https://www.instagram.com/5brosconcrete,,,4,,
605 Island Guy,Restaurants & Food,Samoan/Hawaiian food truck & catering,Sioux Falls,SD,,https://streetfoodfinder.com/605IslandGuy,,https://www.facebook.com/tag/605-island-guy/,,,,
7 Degrees North Barber Studio,Salons & Beauty,Health & Beauty,Springdale,AR,(619) 259-3179,https://app.thecut.co/barbers/bigboyblendzologist/,https://www.instagram.com/7northbarber/,,,,,
808 Grinds,Restaurants & Food,Hawaiian food carts + cafe,Portland,OR,(971) 438-6280,https://808grinds.com/,,,,4,,
808 Ohana Shack,Restaurants & Food,Hawaiian BBQ / poke — food truck + storefront,Fresno,CA,(559) 273-9161,https://808ohanashack.com/,instagram.com/808ohanashack,,,4,,
A Little Taste of Aloha,Culture & Dance,Hawaiian food & luau catering,Albuquerque,NM,(520) 392-5924,https://alittletasteofaloha.co/,https://www.instagram.com/alittletasteofaloha/,,,,,
A Taste of Hawaii,Restaurants & Food,Hawaiian food truck,Charlotte,NC,,,,,,,,
AA Auto Detail,Home & Auto,Auto detailing,Long Beach,CA,(407) 432-5894,,instagram.com/aaautodetail,,,5,,
Absolute Water Professionals LLC,Professional Services,Water systems / pool & restoration services,Cottonwood Heights,UT,(385) 429-3133,https://www.awproutah.com/,,,,4,,
Adelaide Fonua-Lomavita Realtor,Real Estate,Real Estate,Oakland,CA,(510) 726-0799,https://www.zillow.com/profile/alomavita,https://www.instagram.com/realtor_lomavita/,,,,,
Akamai Detail,Home & Auto,Auto detailing,Mesa,AZ,(480) 241-9324,https://wedetailaz.com/,,facebook.com/Akamai-Detail-180123242044006,,4,,
Akamai Fitness,Salons & Beauty,Health & Beauty,Orem,UT,,https://l.facebook.com/l.php?u=httpsakamaifitness.square.sitefbclidIwAR3Iw7_RF6Ns-TaO2Ku9QeMuj4gI8fLo7-mLu8XlPkMU3CIPzINq0Ve8ny4&h=AT2HnWKaCqIuFntLitfHGt8Ks9MnK9_tagoB0tBwYyzZBqgUSbr3pnY9q8Ih_KhaeGlqAAfCmCiuVwkBV1ZcS1qZXWve-_WUf_ewDKvJcpBHbGjMR3Wxbn64TzQu30wreoXlQU4wvrI9aVD_pZYv4Be23-s,https://www.instagram.com/akamaifitness,,,,,
Ala View Creations,Events & Entertainment,Event Services,San Jose,CA,(415) 971-3768,https://aabcreation.com/,https://www.instagram.com/alaviewcreations,,,4,,
Ali'i Hawaiian Grill,Restaurants & Food,Poke restaurant,Manhattan Beach,CA,(424) 237-2030,https://aliihawaiiangrill.com/?utm_source=google,,,,4,,
Alika's Grindz,Restaurants & Food,Island-style catering / food truck,Diamond Bar area,CA,(909) 961-9442,https://www.instagram.com/alikas_grindz/,https://instagram.com/alikas_grindz,,,,,
All Year Around Concrete,Home & Auto,Home & Auto,Tigard,OR,(503) 839-8643,http://allyeararoundconcrete.biz/,https://www.instagram.com/decorativeconcrete_aya,,,5,,
Allison Scott MUA,Salons & Beauty,Health & Beauty,West Valley City,UT,(505) 999-0787,https://www.pinterest.com/alyscottlehman2/,https://www.instagram.com/allisonscottmua_,,,,,
Alofa Aesthetics,Salons & Beauty,Health & Beauty,Salt Lake City,UT,(801) 997-8199,https://hausofaesthetics.com/salt-lake-city/?utm_source=google&utm_medium=organic&utm_campaign=gmb,https://www.instagram.com/alofa.aesthetics,,,4,,
Alofa Teriyaki,Restaurants & Food,Restaurant,Knights Landing,CA,(530) 421-3007,https://online.skytab.com/s/alofateriyaki,,https://www.facebook.com/alofa.teriyaki/,,4,,
Aloha Aina,Restaurants & Food,Food truck,Columbus,OH,,,,facebook.com/aloha.aina614,,,,
Aloha Coffee & Hawaiian Shave Ice,Restaurants & Food,Coffee & Hawaiian shave ice kiosk,Billings,MT,(406) 698-2961,https://joe.coffee/locations/mt/billings/aloha-coffee-and-hawaiian-shave-ice-billings/,,https://www.facebook.com/Alohacoffeemt/,,4,,
Aloha Dancers,Culture & Dance,Polynesian dance school + professional performers,Cameron Park / Folsom,CA,(530) 919-5924,https://alohadancerscameronpark.com/,instagram.com/alohadancersca,,,,,
Aloha Dreamers Shave Ice,Restaurants & Food,Hawaiian shave ice food truck,Grapevine (DFW metro),TX,,https://www.instagram.com/alohadreamersshaveice?igsh=YzU1cXA0bXAwNTYx&utm_source=qr,,,,5,,
Aloha Hula DC,Culture & Dance,Polynesian/hula dance company,Washington DC,DC,,,,,,,,
Aloha Hula of Brevard,Culture & Dance,Hula dance studio / entertainment,Melbourne (Brevard),FL,(321) 614-6944,https://alohahulaofbrevard.com/,,,,5,,
Aloha Island Grill,Restaurants & Food,Restaurant,Spokane,WA,(509) 327-4270,http://eataloha.com/,,,,4,,
Aloha Island Market,Restaurants & Food,Market (cooked food),Mesa,AZ,(480) 410-4119,https://alohaislandmarket.com/,,,,4,,
Aloha Junk Removal,Home & Auto,Home & Auto,Monrovia,CA,(626) 873-0444,,,https://www.facebook.com/alohajunkremoval/,,5,,
Aloha Kitchen,Culture & Dance,Hawaiian restaurant & luau catering,San Antonio,TX,(210) 822-9933,http://www.alohasanantonio.com/,,https://www.facebook.com/,,4,,
Aloha New Orleans Lunch Plates & Catering,Restaurants & Food,Hawaiian plate lunch & catering,Chalmette (New Orleans metro),LA,,,,,,,,
Aloha Nola,Restaurants & Food,Restaurant / mom-and-pop,New Orleans,LA,,,,https://www.facebook.com/royaltmusubi/,,4,,
Aloha Plates,Restaurants & Food,Hawaiian restaurant + catering,Seattle,WA,(206) 624-9156,https://www.alohaplates-sea.com/,,,,4,,
Aloha Platez & Shave Ice,Restaurants & Food,Plate lunch & shave ice,Gardena,CA,(310) 715-6900,https://alohaplatez.com/,,,,4,,
Aloha Poke Bowl MT,Restaurants & Food,Hawaiian poke restaurant,Helena,MT,(406) 422-9514,https://www.alohapokebowlmt.co/,,https://www.facebook.com/p/Aloha-Poke-Bowl-MT-100084550482416/,,4,,
Aloha Polynesia,Culture & Dance,Luau / Polynesian dance entertainment,Sacramento,CA,,,,,,,,
Aloha Productions Luau,Culture & Dance,Luau entertainment & catering,Orlando,FL,(407) 234-4592,https://alohaproductionsluau.com/,,,,4,,
Aloha Shave Ice,Restaurants & Food,Shave ice food truck,Orlando,FL,(805) 704-5878,https://www.alohashaveicetime.com/about-us,,,,4,,
Aloha Wagon,Restaurants & Food,Fast food / catering,Chicago,IL,(312) 888-9613,http://alohawagon.com/,,,,4,,
Aloha World,Professional Services,Media & Technology,Torrance,CA,(424) 358-5015,https://www.aloyoga.com/?utm_source=extnet&utm_medium=yext,,https://www.facebook.com/AlohaWorld/,,2,,
Aloha-Cruz,Home & Auto,Home & Auto,Redondo Beach,CA,(310) 791-2265,http://www.thealohabungalow.com/,https://www.instagram.com/cruznobleza,,,4,,
Alohana Hawaiian Grill,Restaurants & Food,Hawaiian restaurant,Ankeny,IA,(515) 964-2800,https://www.alohanahawaiiangrill.com/,,,,4,,
Always Aloha Catering,Events & Entertainment,Event Services,Los Angeles,CA,(213) 302-2840,http://alohacateringservicesinc.com/,,https://z-m-www.facebook.com/Always-Aloha-Catering-145408898895977/photos/?ref=page_internal,,4,,
Ana's Island Grill,Restaurants & Food,Restaurant,Euless,TX,(817) 803-4908,https://www.anasislandgrill.com/,,https://www.facebook.com/AnasIslandGrill/,,4,,
Anela Stationary,Home & Auto,Home & Auto,,CO,,,https://www.instagram.com/anelastationary,,,,,
Angelica Moungaloa,Events & Entertainment,Event Services,Salt Lake City,UT,,,https://www.instagram.com/hairprettiesandthings,,,,,
Anitelea Malaga Jr.,Real Estate,Real Estate,Draper,UT,(801) 580-8286,https://anitelea-malagajr.equityuthomesales.com/index.html,https://www.instagram.com/jrmalaga_realtor,,,5,,
AnyKine Shave Ice,Restaurants & Food,Mobile shave ice,Orange County / LA,CA,(720) 256-8667,https://www.anykineshaveice.com/,,,,5,,
AO Hawaiian Hideout,Restaurants & Food,Restaurant,Chicago,IL,(312) 662-1100,http://www.aohawaiianhideout.com/,instagram.com/aohawaiianhideout,,,4,,
Arizona Aloha Festivals Inc.,Events & Entertainment,Event Services,Tempe,AZ,602-697-1824,http://www.azalohafest.org/,https://www.instagram.com/azalohafest,,,,,
Atiga Imagery,Events & Entertainment,Photography,Salt Lake County,UT,(760) 805-3738,https://jacobatiga.com/,,,,5,,
Aunty Maile's Hawaiian Restaurant,Restaurants & Food,Hawaiian restaurant,Torrance,CA,(310) 819-8314,https://auntymailes808.com/,,,,4,,
Axiz Connect Trucking School,Home & Auto,Home & Auto,Sandy,UT,(801) 651-7704,http://www.axisconnecttrucking.com/,,https://www.facebook.com/axisconnecttruckingschool,,5,,
Back Home in Lahaina,Restaurants & Food,Hawaiian restaurant,Carson,CA,(310) 835-4014,http://www.backhomeinlahaina.com/,,,,4,,
Beauty by Tau,Salons & Beauty,Health & Beauty,West Bountiful,UT,(801) 557-7573,https://www.tiffsbeautyandbrows.com/contact,https://www.instagram.com/beautybytau,,,4,,
Bee’z Lash and Brows,Salons & Beauty,Health & Beauty,Los Angeles,CA,,,https://www.instagram.com/beez_lash_and_brows,,,,,
Bellezza Party Avenue,Events & Entertainment,Event Services,Millcreek,UT,(801) 875-3404,https://bellezastudiollc.wixsite.com/bellezastudiollc,https://www.instagram.com/bellezzapartyave,,,5,,
Big Boi Butter Mochi,Restaurants & Food,Hawaiian bakery,Oakland,CA,(310) 963-9769,http://www.gobigboi.com/,,,,4,,
Big Island Poke,Restaurants & Food,Poke / Hawaiian plates,St. Paul,MN,(651) 200-3162,https://bigislandpoke.com/,https://instagram.com/bigislandpokeco,,,4,,
Bin There Dump That,Home & Auto,Home & Auto,Lehi,UT,(801) 631-8187,https://saltlakewest.bintheredumpthatusa.com/dumpster-rental-tooele?utm_source=google&utm_medium=gmb-landing-page&utm_campaign=gmb-tooele,,,,4,,
BME Exteriors LLC.,Home & Auto,Home & Auto,Grapevine,TX,(817) 291-8536,https://bmeexteriors.com,,https://www.facebook.com/bmeexteriors/,,4,,
Boka Grindz Island Food Truck,Restaurants & Food,Food truck / catering,Phoenix,AZ,(623) 850-6314,,instagram.com/boka.grindz,facebook.com/bokagrindz,,5,,
BokaNinas Pacific Island Fusion,Restaurants & Food,Food truck/restaurant (Pacific Island fusion),Havelock,NC,(252) 652-6146,https://www.facebook.com/BOKANINAS/,,,,4,,
Boutique Samoa Market,Restaurants & Food,Market with hot kitchen / steam table,Carson,CA,(310) 952-0297,http://poasa-imports.poi.place/,,,,4,,
Braddah's Hawaiian BBQ,Restaurants & Food,Hawaiian BBQ / poke restaurant,New York City,NY,(646) 860-0451,https://www.braddahshawaiiangrill.com/,,,,2,,
Braids By Lani,Salons & Beauty,Health & Beauty,,UT,,,https://www.instagram.com/braidsbylani2019,,,,,
Bruddah's Bar & Grill,Restaurants & Food,Hawaiian bar & grill,Gardena,CA,(310) 323-9112,,,,,4,,
Buzz's Hawaiian Grill,Restaurants & Food,Hawaiian plate lunch (food truck + small restaurant),St. Louis,MO,(314) 875-0076,https://buzzshawaiiangrill.com/,,,,4,,
Candida Palega Realtor,Real Estate,Real Estate,Hayward,CA,(510) 909-1423,http://www.cpalegahomes.com/,https://www.instagram.com/palegahomes,,,5,,
Chamorikén (Chamoriken Barbacoa),Restaurants & Food,Restaurant (bar residency),Seattle (Capitol Hill),WA,(360) 559-9259,https://chammorican.com/,,,,4,,
Chamorro Grill,Restaurants & Food,Island BBQ restaurant / catering,San Diego,CA,(619) 280-2000,http://chamorrogrillsd.com/,https://instagram.com/chamorrogrill619,,,4,,
Chesa Pika,Restaurants & Food,Food truck,Raleigh,NC,(336) 937-4894,,https://instagram.com/chesa_pika,,,5,,
Chief's Huli Huli BBQ,Restaurants & Food,Hawaiian food truck & catering,Humble (Houston metro),TX,(281) 910-1740,https://www.chiefshulihuli.com/,,,,4,,
Coach Fale Poumele,Salons & Beauty,Health & Beauty,Oceanside,CA,,https://www.linkedin.com/in/seven60athletes,https://www.instagram.com/seven60_athletes,,,,,
Coach Mathias Keali’ikoa Iulai Vavao,Salons & Beauty,Health & Beauty,Newark,CA,,https://veesports.org/coaches,,,,,,
Coaching + Consulting/Beverly Philipp,Salons & Beauty,Health & Beauty,Newcastle,WA,(626) 476-5659,https://www.kbcoachingsuccess.com/,https://www.instagram.com/bev.phillip,,,5,,
College of San Mateo Mana Program,Professional Services,Education & Development,San Mateo,CA,(650) 574-6161,https://www.collegeofsanmateo.edu/,https://www.instagram.com/csmmana/,,,4,,
"Community Leadership Builders, LLC",Professional Services,Consulting / leadership coaching,Salt Lake City,UT,(801) 860-9511,https://www.lakecitybuildersut.com/,,,,5,,
Concrete Piece Work,Home & Auto,Home & Auto,American Fork,UT,(801) 874-8385,,https://www.instagram.com/concrete_piece_work,,,5,,
Crazy Dave’s Tires,Home & Auto,Home & Auto,American Fork,UT,(385) 225-0727,https://dollartire.weebly.com,,,,4,,
Cruz Nobleza Hair and Makeup,Salons & Beauty,Health & Beauty,Redondo Beach,CA,(310) 920-9581,,https://www.instagram.com/cruznobleza,,,5,,
Curry Corner,Restaurants & Food,Restaurant,Hayward,CA,(510) 629-6929,https://currypizzahouse.com/locations/hayward-ca/,,,,4,,
D-Fly Cutts,Salons & Beauty,Health & Beauty,Fontana,CA,,,https://www.instagram.com/dflycutts,,,,,
D. Fa’alogo,Real Estate,Real Estate,Draper,UT,(801) 931-9983,https://dominique-faalogo.equityuthomesales.com/,https://www.instagram.com/realestatedoms,,,,,
Da Hawaiian Kitchen,Restaurants & Food,Hawaiian restaurant,Huntington Beach,CA,(714) 968-8900,http://www.dahawaiiankitchen.com/,,,,4,,
Da Local Boy,Restaurants & Food,Hawaiian / poke restaurant,Chicago,IL,,https://dalocalboychicago.toast.site/,,,,4,,
Da Real Aloha BBQ,Restaurants & Food,Restaurant,El Paso,TX,(808) 562-7122,https://darealalohabbq.com/,instagram.com/darealalohabbq,,,4,,
Da Tiki Hut,Restaurants & Food,Restaurant,Tacoma,WA,(253) 625-7690,https://www.datikihut.com/,,,,4,,
Da-Kine Hawaiian Café,Restaurants & Food,Hawaiian food truck,Tampa,FL,,,,,,,,
DB Productions Utah,Events & Entertainment,Photography & video production,Salt Lake City,UT,(801) 871-9434,https://dbproductionsutah.com/,,,,5,,
DC Hawaiian Luau Entertainment & Catering,Culture & Dance,Luau/Polynesian entertainment + catering,Pasadena (serves DC/MD/VA),MD,,https://dchawaiianluauentertainment.com/,,,,,,
DCT Equipment Rentals,Home & Auto,Home & Auto,San Bernardino,CA,(909) 886-4714,https://www.readyequipmentrental.com/,,,,4,,
Dean Miller Hawaiian Print Bedding,Home & Auto,Home & Auto,Dana Point,CA,(949) 370-6535,http://www.deanmillerprints.com/,https://www.instagram.com/deanmillerbedding,,,5,,
Delphi Consulting,Events & Entertainment,Event Services,West Valley City,UT,(801) 855-6277,https://delphibusinessconsulting.com/contact/,https://www.instagram.com/delphibusinessconsulting,,,,,
Delta Bootcamp,Salons & Beauty,Health & Beauty,Oakley,CA,,http://deltabootcamp.com/,https://www.instagram.com/thedeltabootcamp,,,,,
DeltaX Fitness,Salons & Beauty,Health & Beauty,Oakley,CA,,http://deltabootcamp.com/,https://www.instagram.com/deltaxfit,,,,,
Desiree Atuatasi    Realty One Group West DRE# 01803249,Real Estate,Real Estate,Huntington Beach,CA,,https://desireeatuatasi.myrealtyonegroup.com,https://www.instagram.com/desireemovedme/,,,,,
Destination Services Inc,Professional Services,Transportation / shuttle services,South Jordan,UT,(801) 446-5000,https://destinationsinc.com/,,,,4,,
Devine Solar Solutions,Home & Auto,Home & Auto,Bay Area,CA,(707) 343-4221,https://devinesolarsolutions.com/,https://www.instagram.com/devinesolar,,,,,
Dine-In Hawaiian,Restaurants & Food,Hawaiian fusion food truck,Hamilton,OH,(513) 400-4486,http://dineinhawaiian.com/?utm_source=gmb&utm_medium=referral,,,,4,,
Do It All Construction LLC.,Home & Auto,Home & Auto,West Jordan,UT,(262) 666-8611,,https://www.instagram.com/d.i.a_construction,,,5,,
Donnalesi Productions,Events & Entertainment,Event Services,Santa Rosa,CA,(707) 835-4641,http://definitionfilms.tv/,,,,5,,
Double Diamond Construction & Landscaping LLC,Home & Auto,Construction & landscaping,Park City,UT,(435) 200-5820,https://doublediamondutah.com/?utm_source=google-gmb-maps&utm_medium=gmb-website-button&utm_campaign=locl.io&utm_content=9ea88422-8253-42d9-a962-c53abfdf07d1,,https://www.facebook.com/Double-Diamond-Construction-Landscaping-LLC,,5,,
Double Diamond LLC.,Home & Auto,Home & Auto,Park City,UT,(435) 200-5820,https://doublediamondutah.com/?utm_source=google-gmb-maps&utm_medium=gmb-website-button&utm_campaign=locl.io&utm_content=9ea88422-8253-42d9-a962-c53abfdf07d1,https://www.instagram.com/doublediamondlc,,,5,,
Dr. Robert Willhite,Salons & Beauty,Health & Beauty,Hermosa Beach,CA,(310) 937-2323,https://aimsportsmedicine.com/about-us/robert-willhite-dc-cscs-doctor-of-chiropractic/,https://www.instagram.com/dr__r0b,,,5,,
Dr. Tagaloa Tulifau,Salons & Beauty,Health & Beauty,Lakewood,CA,(562) 600-9202,https://www.doctortulifau.com/,,,,4,,
Drums of Polynesia,Events & Entertainment,Polynesian event entertainment,Fort Lauderdale,FL,(954) 351-5069,https://www.drumsofpolynesia.com/,,,,5,,
Drums of the Pacific USA,Culture & Dance,Luau / Polynesian entertainment & Hawaiian catering,Houston,TX,(281) 821-9800,https://www.drumsofthepacific.com/,,,,5,,
E Hula Mau SoCal,Events & Entertainment,Event Services,Torrance,CA,(424) 888-4852,https://www.ehulamau.org/workshops,,https://www.facebook.com/ehulamausocal/,,5,,
"Elevate Healing, LLC.",Salons & Beauty,Health & Beauty,Savannah,GA,(253) 256-5149,https://www.elevatehealingllc.com/,https://www.instagram.com/Elevate_HealingLLC,,,,,
Emelie Ortiz Real Estate,Real Estate,Real Estate,Auburn,WA,(253) 939-7442,https://emelieortiz.com/,http://www.instagram.com/emelie.ortiz.real.estate,,,5,,
Every Day Kine Grindz from Hawaii,Restaurants & Food,"Hawaiian food truck (plate lunch, poke)",Eugene,OR,(808) 747-5353,https://www.facebook.com/edkh2014/,,,,,,
F's Hawaiian Food,Restaurants & Food,Hawaiian plate lunch restaurant,Tulsa,OK,(918) 900-1973,https://fs-hawaiian-food.com/,https://www.instagram.com/fshawaiian/,,,4,,
Faka's Island Grill,Restaurants & Food,Hawaiian/Pacific BBQ,Santa Ana,CA,(714) 514-0593,https://fakasislandgrill.com/fakasislandgrillsantaana?utm_source=google,,,,4,,
Familyfriend,Restaurants & Food,Guamanian restaurant / bar,Seattle,WA,,,https://instagram.com/familyfriendseattle,,,4,,
Fausia Construction,Home & Auto,Home & Auto,Salt Lake City,UT,(801) 381-0266,https://fausiaconstruction.com/,https://www.instagram.com/fausiaconstruction,,,,,
Fiji Fusion Cuisine,Restaurants & Food,Private chef / catering,Renton,WA,(206) 251-1928,http://toluseattle.com/,,,,4,,
FIJI Indian Cuisine,Restaurants & Food,Restaurant,Hayward,CA,(510) 731-7783,,,https://www.facebook.com/FijiIndianCuisine/,,4,,
Fiji Sweets & Snacks,Restaurants & Food,Restaurant,Hayward,CA,(510) 200-9535,https://fijisweets.com/,,,,4,,
Fijian BBQ,Restaurants & Food,Food truck,Hayward,CA,(510) 750-9787,http://fijianbbq.com/menu,,,,4,,
Fina'tinas Guåhan,Restaurants & Food,Restaurant / pop-up,Phoenix,AZ,,,,facebook.com/finatinasguahan,,,,
Finadene Food Truck,Restaurants & Food,Food truck,Killeen,TX,(254) 394-3080,https://tasteofkilleen.com/,,,,4,,
Finau Concrete LLC.,Home & Auto,Home & Auto,Salt Lake City,UT,(801) 888-7385,http://fihaki.com/,https://www.instagram.com/finauconcretellc,,,4,,
"Fisheye Films, LLC",Retail & Goods,Video / film production,Salt Lake City,UT,801-835-0740,https://www.fisheye-films.com,,,,,,
Fit Sistership,Salons & Beauty,Health & Beauty,,TX,,,https://www.instagram.com/fit_sistership,,,,,
Fitness is Kee,Salons & Beauty,Health & Beauty,Oakland,CA,(510) 467-5836,https://kesfitness.com/,https://www.instagram.com/keannatofiga,,,4,,
Five Sons Concrete LLC.,Home & Auto,Home & Auto,Centerville,UT,(801) 390-0761,https://fivesonsconcretellcut.hibuwebsites.com/,https://www.instagram.com/fivesonsconcrete,,,4,,
FiyahNesian Cuisine,Restaurants & Food,Food truck / pop-up (island fusion),Harbor City / Carson,CA,,https://fiyahnesian.wordpress.com/,,https://www.facebook.com/FIYAHNESIAN/,,41,,
Fluens Children’s Therapy,Professional Services,Education & Development,University Place,WA,(253) 212-3502,https://www.fluenschildrenstherapy.com/?utm_source=gmb&utm_medium=organic&utm_campaign=gmb_university_place_wa,https://www.instagram.com/fluenschildrenstherapy,,,5,,
Foni's Island Grille,Restaurants & Food,Restaurant,Euless,TX,(817) 685-1843,https://www.texasstargolf.com/raven-s-grille,,,,4,,
Front Line Junk Removers,Home & Auto,Home & Auto,,CA,(562) 646-7510,https://frontlinejunkremoval.com/,,,,5,,
Frost City Tattoo,Tattoo,Tattoo shop,Midvale,UT,(801) 676-9830,http://www.frostcitytatau.com/,,,,4,,
Garingx,Professional Services,Media & Technology,Kent,WA,(253) 854-5451,http://www.pegasusnw.com/,https://www.instagram.com/noneya,,,4,,
Get Lost VB (Get Lost Shave Ice),Restaurants & Food,Hawaiian shave ice shop / food truck,Virginia Beach,VA,(757) 802-1268,https://www.getlostvb.com/,https://instagram.com/getlostvb,,,4,,
Glendale Contractor LLC,Home & Auto,Concrete / general contractor,Salt Lake City,UT,(208) 807-8228,https://sscgeneralcontractorsut.com/,,,,4,,
Golden Hawaiian BBQ,Restaurants & Food,Hawaiian BBQ restaurant,Chandler,AZ,(480) 821-9688,https://goldenhawaiianbbq.com/,,,,3,,
Grind Wit Tryz (GrindWitTryz),Restaurants & Food,Restaurant,Portland,OR,(971) 865-5160,https://grindwittryz.square.site/,,facebook.com/Grindwittryz,,4,,
Guahan Grill,Restaurants & Food,Chamorro restaurant (dine-in/takeout/catering),Oceanside,CA,(760) 806-4826,http://www.guahangrill.com/,https://instagram.com/guahangrill,,,4,,
Guam Grub,Restaurants & Food,Restaurant (mall food court),Everett,WA,(425) 308-9997,https://www.facebook.com/p/Guam-Grub-100089875386186/,,,,4,,
Gwen David Designs,Events & Entertainment,Event Services,Newport Beach,CA,(714) 850-0083,http://www.wendiyoung.com/,,https://www.facebook.com/GwenDavidDeisgns-111380355572078/,,5,,
Hafa Adai Fiesta Food,Restaurants & Food,Guamanian restaurant,Colorado Springs,CO,(719) 308-5449,https://hafaadaifiestafood.com/,,,,4,,
Hair By Ash,Salons & Beauty,Health & Beauty,Orem,UT,,,https://www.instagram.com/styledbyashleyleilani,,,,,
Hakus & Love,Culture & Dance,Lei maker / floral design,Costa Mesa,CA,,https://hakusandlove.com/,https://instagram.com/hakusandlove,,,,,
Hakus by Siva,Events & Entertainment,Event Services,Beaverton,OR,,,https://www.instagram.com/hakusbysiva,,,,,
Hal and Harry's Hawaiian Ice,Restaurants & Food,Shave ice,Ankeny,IA,(515) 964-2800,https://order.toasttab.com/online/alohana-hawaiian-grill-802-se-oralabor-rd-128,,,,4,,
Halau Hula O Napualani,Culture & Dance,Hawaiian/Tahitian dance school + entertainment,,WA,,https://www.halauhulanapualani.com/,,,,,,
Halau i Ka Pono,Culture & Dance,Hula school,Oak Park,IL,708-297-6321,https://halauikapono.org/,,,,4,,
Hale O Lomi Ola,Salons & Beauty,Health & Beauty,Tempe,AZ,(602) 734-5687,https://haleolomiola.com/,https://www.instagram.com/haleolomiola,,,,,
Hana Organic Shave Ice,Restaurants & Food,Hawaiian shave ice,Austin,TX,,https://www.hanashaveice.co/,,,,4,,
Hanalei Shave Ice,Restaurants & Food,Shave ice food truck,Orlando,FL,(407) 744-1388,http://www.hanaleishaveice.com/,,,,4,,
Handy Samoan,Home & Auto,Home & Auto,Kerrville,TX,(830) 251-2808,https://spiritworkshandyman.com/,,,,5,,
Hapa Food Co.,Restaurants & Food,"Hawaiian restaurant (plate lunch, poke, malasadas)",Mesa,AZ,(480) 654-8581,https://www.hapafoodco.com/,,,,4,,
Hapa Hawaiian Grill,Restaurants & Food,Hawaiian restaurant,Spokane,WA,,https://eathapahawaiiangrill.com/,,,,5,,
Hapa Kitchen,Restaurants & Food,Hawaiian food truck,Atlanta,GA,(404) 333-8690,https://roaminghunger.com/hapa-kitchen/,,,,5,,
Hapa Li,Restaurants & Food,Hawaiian food truck,Jacksonville,FL,(904) 570-9870,https://www.hapalijax.com/,https://instagram.com/hapalijax,,,3,,
Hau'oli Shave Ice,Restaurants & Food,Shave ice stand,Otsego,MI,(808) 728-0509,https://www.instagram.com/hokulanishaveice/?hl=en,,,,5,,
Hawaiian BBQ Food Truck & Catering,Restaurants & Food,Hawaiian food truck / catering,Amherst / Buffalo,NY,(716) 389-0086,http://www.hawaiianbbqbuffalo.com/,,,,4,,
Hawaiian Entertainment & Catering Company DC,Culture & Dance,Luau/Polynesian entertainment + catering,Pasadena (serves MD/DC/VA/DE),MD,(443) 827-9834,https://www.gigsalad.com/hawaiian_entertainment_catering_compan,,,,,,
Hawaiian Luau Entertainment (DC Luau Show),Culture & Dance,Luau/hula entertainment,Woodbridge (serves DC/MD/VA),VA,(571) 222-5553,https://www.gigsalad.com/dcluaushow,,,,4,,
Hawaiian Shave Ice and Ice Cream,Restaurants & Food,Shave ice / ice cream,Oxford,MI,(248) 830-9965,,,,,4,,
Hawaiian Style BBQ,Restaurants & Food,Hawaiian food truck + BBQ,Augusta,GA,(762) 222-7789,https://hawaiianbbqaugusta.com/,,,,4,,
Hawaiian Style Grill,Restaurants & Food,Restaurant,Vancouver,WA,(360) 993-5306,http://www.hawaiianstylegrill.com/,,,,4,,
Hear Em Roar Marketing & Web Design,Professional Services,Media & Technology,,,(503) 709-8453,https://www.hearemroar.com/,https://www.instagram.com/hearemroarrr,,,5,,
Her Game,Professional Services,Education & Development,,CA,,https://thisishergame.com/,https://www.instagram.com/thisishergame,,,,,
Hikila Concrete Design,Home & Auto,Home & Auto,Kent,WA,(206) 802-8437,https://www.facebook.com/hikilaconcrete/,,https://www.facebook.com/hikilaconcrete/,,5,,
Hiro’s Transmissions,Home & Auto,Home & Auto,Gardena,CA,(310) 329-7504,http://hirostransmissions.com/,,https://www.facebook.com/people/Hiros-Transmissions/100064003562201/?paipv=0&eav=AfaMPrm_P60Tt5eCDD4fYsdY5t3qwCnqPaURfLQQdWrE6S0SCfNqSxG6Djc_IhllqEs&_rdr,,4,,
Hi’iaka Florist Featured,Events & Entertainment,Event Services,San Francisco,CA,(415) 672-4579,http://www.noveltylei.com/,,https://www.facebook.com/hiiakaflorist,,4,,
Holistic Honu Wellness Center,Salons & Beauty,Health & Beauty,Berkeley,CA,(916) 416-0491,https://suzi-ko.square.site/,https://www.instagram.com/holistichonu,,,,,
Honolulu Grill,Restaurants & Food,Hawaiian restaurant / plate lunch,St. George,UT,(435) 627-1181,https://honolulugrill.net/,,https://www.facebook.com/honolulugrill/,,4,,
Howzit Hawaiian Kitchen,Restaurants & Food,Hawaiian restaurant,Schertz (San Antonio metro),TX,(210) 488-9404,https://howzithawaiiankitchen.com/ourstory,,,,4,,
Hula 'O Hoaloha (Halau Hula 'O Hoaloha),Culture & Dance,Hula halau / dance studio,Los Angeles,CA,(323) 697-1356,https://hulaohoaloha.com/,,,,5,,
Hula Connection,Culture & Dance,Polynesian music & dance school (halau),South Orange County,CA,(949) 257-5627,https://hulaconnection.net/,,,,5,,
Hula Hut,Culture & Dance,Polynesian dance studio,Ithaca,NY,,https://www.hulahut.org/,,,,,,
Hula Hālau 'O Leihuluonalani (Seattle Hula Productions),Culture & Dance,Hula school + performance/entertainment,Seattle,WA,,http://www.seattlehula.com/,,,,,,
Hula Hālau 'Ohana Holo'oko'a,Culture & Dance,Hula school / Hawaiian cultural org,Beaverton,OR,(971) 227-8354,https://hulaaloha.org/,,,,4,,
Hungry Hawaiian,Restaurants & Food,Hawaiian restaurant + food-truck catering,Provo,UT,(801) 607-1927,https://hungryhawaiian.com/,,,,4,,
Hungry Kepuha,Restaurants & Food,Food truck,Tucson,AZ,,,,facebook.com/hungrykepuha,,33,,
Hālau Hula 'O Keikiali'i,Culture & Dance,Hula halau,Sacramento,CA,,http://keikialii-sacramento.com/,,,,4,,
Hālau Hula Ka Lehua Maukele,Culture & Dance,Hula halau / dance studio,Carson,CA,(310) 291-4005,https://halaukalehua.com/,,,,5,,
Hālau Hula O Nā Mele 'Āina O Hawai'i,Culture & Dance,Hula halau / Hawaiian dance & culture school,Manhattan (NYC),NY,,http://hulanewyork.com/,,,,,,
Hālau Makana (Polynesian Cultural Arts Center),Culture & Dance,Polynesian dance studio,Alameda,CA,(510) 995-8746,https://www.halaumakana.com/,instagram.com/halaumakana,,,5,,
Hālau Mokinoe (HHKLMIKUN),Culture & Dance,Hula dance school,Kent,WA,(253) 202-8597,https://www.hulamokinoe.com/classes,,,,5,,
Hālau Nā Maka 'Ōlali,Culture & Dance,Hula dance studio,Roseville,CA,(916) 367-8695,https://www.namakahula.com/,,facebook.com/namakahula,,5,,
Hōkūle'a Academy of Polynesian Arts,Culture & Dance,Hula / Tahitian dance academy & entertainment,Chicago,IL,(224) 344-8939 / (708) 919-3158,https://dancehokulea.com/,https://instagram.com/dancehokulea,,,4,,
IKUNA,Professional Services,Education & Development,Oakland,CA,(801) 560-0678,https://www.ikunaed.org/,https://www.instagram.com/ikunaeducation,,,,,
Infinity Financial Group,Real Estate,Financial services / real estate,Salt Lake City,UT,(801) 904-2552,https://infinitytax.com/,https://www.instagram.com/michellela2,,,4,,
Island BBY Lashes,Salons & Beauty,Health & Beauty,Modesto,CA,(209) 818-1972,https://lashandskinmodesto.zoca.com/?utm_source=googlemaps&utm_medium=googlemaps&utm_campaign=googlemaps,https://www.instagram.com/islandbbylashes,,,4,,
Island Choice Movers,Home & Auto,Home & Auto,West Valley City,UT,(385) 588-5424,https://islandchoicemovers.wixsite.com/my-site-1,https://www.instagram.com/islandchoicemovers,,,5,,
Island City Media Group,Professional Services,Media & Technology,Long Beach,CA,5623434182,https://www.islandcitymediagroup.com,https://www.instagram.com/OnairwithQ,,,,,
Island Events Chair Covers,Events & Entertainment,Event Services,Bay Area,CA,(510) 827-9338,https://islandeventschaircovers.com/,https://www.instagram.com/islandeventschair,,,,,
Island Florals,Events & Entertainment,Event Services,Costa Mesa,CA,(714) 321-2681,https://millanflowers.com/,https://www.instagram.com/island_florals,,,5,,
Island Grinds,Restaurants & Food,Restaurant,West Valley City,UT,(385) 274-4103,https://island-grinds.website.spoton.com/,,,,4,,
Island Grubz On The Go,Restaurants & Food,Food truck,Salem,OR,(971) 453-1801,https://linktr.ee/islandgrubzonthego,,facebook.com/IslandGrubz,,4,,
Island Kine Grinds,Restaurants & Food,Hawaiian restaurant / plate lunch,Nampa,ID,(208) 389-8475,,,https://www.facebook.com/I.K.G.208/,,,,
Island Leis & Bouquets,Culture & Dance,Lei maker / florist,Carson,CA,(310) 513-9400,https://islandleisandbouquets.com/,https://instagram.com/island.leis,,,4,,
Island Nectar Shave Ice,Restaurants & Food,Hawaiian shave ice (food truck/events),Portland,OR,(503) 893-9991,,,,,5,,
Island Plate Lunch,Restaurants & Food,Hawaiian restaurant (plate lunch / poke),,AZ,,,,,,,,
"Island Pro Painting, Inc.",Home & Auto,Home & Auto,Inglewood,CA,(650) 461-0882,http://www.islandpropaintinginc.com/,https://www.instagram.com/islandpropaintingco/?hl=en,,,5,,
Island Style Luau Entertainment (I.S.L.E.),Culture & Dance,Polynesian dance / luau entertainment,Washington (DC/MD/VA),DC,,https://www.gigsalad.com/island_style_luau_entertainment_llc_wood,,,,,,
Island Style Luaus,Culture & Dance,Luau catering & Polynesian entertainment,Salt Lake City,UT,(801) 785-7208,https://www.thebash.com/caterer/island-style-luaus,,,,4,,
Islander Kitchen,Professional Services,Vendor / pop-up,Killeen,TX,(646) 377-9265,,,,,5,,
Islanders LLC,Restaurants & Food,Trucking / freight carrier (authorized property),Mesa,AZ,(480) 986-9315,http://www.arizonaluaus.com/,,,,4,,
Islanders Luau Dancers & Hawaiian Catering,Culture & Dance,Polynesian entertainment & event services,Riverside,CA,(888) 907-3854,http://www.islandersluau.com/,,,,5,,
Islands Bamboo & Hawaiian Furniture,Home & Auto,Home & Auto,Westminster,CA,(714) 373-8828,https://www.coasterfurniture.com/browse/catalogs,,,,5,,
Islands Best Wellness Center,Salons & Beauty,Health & Beauty,Wilmington,WA,(310) 737-2533,https://ibwellnesscenter.com/,https://www.instagram.com/ibwellnesscenter,,,,,
It's Raw Poke Shop,Restaurants & Food,Poke restaurant,San Diego (Ocean Beach),CA,(619) 564-8421,https://itsrawpokeshop.com/,,,,4,,
J&J Islander Spot,Restaurants & Food,Restaurant,Auburn,WA,(253) 294-8916,https://www.facebook.com/profile.php?id=61557626447715,,facebook.com/p/JJ-Islander-Spot-61557626447715,,4,,
J&L General Contractors,Home & Auto,Home & Auto,,UT,(801) 651-4153,http://www.jlgcutah.com/promo,https://www.instagram.com/lj.generalcontractor,,,5,,
Jack's Island Market,Restaurants & Food,Market with frozen island meats / grocery,West Sacramento,CA,(916) 846-4236,,https://www.instagram.com/jacksislandmarket/,,,5,,
Jake's Hawaiian Shave Ice,Restaurants & Food,Shave ice / catering,Tampa,FL,(813) 559-9000,https://jakesshaveice.com/,,,,4,,
Janemarie Ofahulu Realtor,Real Estate,Real Estate,Palm Springs,CA,(760) 780-8764,https://linktr.ee/xojanemarie,https://www.instagram.com/xojanemarie,,,,,
Janemarie Realty,Real Estate,Real Estate,Joshua Tree,CA,(760) 808-4806,http://joshuatreemodern.com/,https://www.instagram.com/xojanemarie,,,4,,
Jimmy's Poké House,Restaurants & Food,Poke restaurant,Sacramento,CA,(916) 922-7501,https://jimmysdeli.top/,,,,4,,
Jimreen at Home – Interior Design,Home & Auto,Home & Auto,Eagle Mountain,UT,(385) 258-3128,https://stage7design.com/,https://www.instagram.com/jimreenathome,,,5,,
JJ's Island Grindz,Restaurants & Food,Island grill / sushi,Bonita,CA,(619) 773-6644,http://www.jjsislandgrindz.com/,,,,4,,
Jojo's Island Foods,Restaurants & Food,Restaurant,Springdale,AR,(479) 365-7999,https://www.jojosislandimports.com/,,,,4,,
Jonah Moi Personal Trainer,Salons & Beauty,Health & Beauty,San Diego,CA,(801) 872-4637,https://mobiletrainers.com/san-diego,https://www.instagram.com/truepinnacle,,,5,,
Joyce Tagoai – Notary Public,Professional Services,Legal & Finance,San Diego,CA,(619) 918-2754,https://tagoaimobilenotaryservices.org/,https://www.instagram.com/tagoai_mobilenotaryservices,,,,,
Juanita's Polynesian Delights,Restaurants & Food,"Restaurant (steam-table, by weight)",Newark,CA,(510) 358-2802,,https://www.instagram.com/explore/locations/167523316971864/,,,4,,
Junk Box Removal & Hauling,Home & Auto,Home & Auto,Salt Lake City,UT,(801) 636-0482,https://junkboxllc.com,https://www.instagram.com/junkboxllc,,,,,
Kaeris Concrete,Home & Auto,Concrete / masonry contractor,Sandy,UT,(801) 462-5207,https://rkconcrete.com/,,,,1,,
Kai Mai Grill,Restaurants & Food,Restaurant,Salt Lake City,UT,(385) 261-2110,http://www.kaimaiutah.com/,,facebook.com/p/Kai-Mai-Grill-61576815731609/,,3,,
Kaimana Sea Moss,Salons & Beauty,Health & Beauty,Fairfield,CA,,,https://www.instagram.com/kaimana.seamoss,,,,,
Kalati Lane Auto Detailing,Home & Auto,Auto detailing,San Jose,CA,(408) 605-8034,https://manuelautodetails.com/,instagram.com/kalatilanedetail,facebook.com/kalatilanedetail/,,4,,
Kalei's Kitchenette,Restaurants & Food,Hawaiian fusion restaurant,San Diego (Rancho Peñasquitos),CA,(619) 738-4731,http://www.kaleiskitchenette.com/,,,,4,,
Kaleponi Ink,Tattoo,Polynesian tattoo studio,San Diego,CA,(858) 361-8206,,https://instagram.com/kaleponiink,,,4,,
Kamao Social Media,Professional Services,Media & Technology,Bedford,NE,+1 902-483-8323,http://www.kasocialmedia.ca/,https://www.instagram.com/sonserikennedy_,,,5,,
Kanak Attack Katering,Restaurants & Food,Food truck / catering,Boise,ID,(208) 429-9111,http://www.kanak.co/,,,,4,,
Kanoa's Hawaiian Grill,Restaurants & Food,Food truck,St. Louis,MO,(314) 220-9997,https://kanoashawaiiangrill.com/,,https://www.facebook.com/kanoashawaiiangrill/,,5,,
Katoa Fitness,Professional Services,Fitness / personal training,Lindon,UT,(801) 928-4805,https://www.katoafitness.com,,,,5,,
Kau Kau,Restaurants & Food,Hawaiian restaurant,Portland,OR,,https://kaukaupdx.com,,,,,,
Kava Faded,Salons & Beauty,Barber,Walnut Creek,CA,,,https://instagram.com/kavafaded,,,,,
Kava Korner Utah,Salons & Beauty,Health & Beauty,Riverton,UT,(801) 755-3166,http://kavakornerut.weebly.com/,https://www.instagram.com/kavakorner,,,,,
Kealoha's Kitchen,Restaurants & Food,Hawaiian food truck,Cincinnati,OH,,https://streetfoodfinder.com/kealohaskitchen,,,,,,
Keil Creations Photography,Events & Entertainment,Photography,Salt Lake City,UT,(801) 755-9631,http://www.keilcreations.com/,,,,5,,
Kelsey’s Beauty Lounge,Salons & Beauty,Health & Beauty,Long Beach,CA,(562) 248-3352,https://kelsbeautylounge.com/book,https://www.instagram.com/kelsbeautylounge,,,,,
KG Hauling & Junk Removal,Home & Auto,Home & Auto,Seattle,WA,(253) 295-1210,https://www.junk-king.com/locations/seattle/?cid=LSTL_JKG-US000187&utm_source=gmb&utm_campaign=local&utm_medium=organic,https://www.instagram.com/kghaulingandjunkremoval,,,4,,
Kiawe Island Bistro,Restaurants & Food,Restaurant,Vancouver,WA,(360) 254-5544,http://kiaweislandbistro.com/,,,,4,,
Kiki's Hawaiian Shave Ice,Restaurants & Food,Shave ice food truck,Knoxville,TN,(865) 896-3056,https://www.kikishawaiianshaveice.com/about.html,,,,5,,
Kilisitina Ho Ching,Real Estate,Real Estate,,FL,(407)305-9204,https://kilisitinahoching.exprealty.com/,https://www.instagram.com/kilisitina.hoching,,,,,
Kimo's Hawaiian BBQ,Restaurants & Food,Hawaiian BBQ restaurant,Albuquerque,NM,(505) 582-2797,https://kimosabq.com/,,https://www.facebook.com/KimosBBQ/,,4,,
Kina Organics Skincare,Salons & Beauty,Health & Beauty,Orange,CA,(714) 919-9019,https://www.simon.com/mall/the-outlets-at-orange/stores/moida,https://www.instagram.com/kinaorganics,,,4,,
King 'Afa (Sitiveni Fehoko),Tattoo,Polynesian tattoo artist,San Jose,CA,(310) 486-3701,https://www.kingafa.com/,instagram.com/king_afa,,,,,
King 'Afa Cultural Tattoos (Kalia Tattoo),Tattoo,Polynesian tattoo,Los Angeles,CA,(310) 486-3701,https://kingafa.com,,,,,,
"King Win Team, LLC",Home & Auto,Construction / real estate investment (rehab & remodel),Taylorsville,UT,(385) 222-8428,http://kingwinteam.com/,,,,,,
Kokomo Sno Shave Ice,Restaurants & Food,Hawaiian shave ice (kiosk/food truck),Colorado Springs,CO,,https://kokomosnollc.wixsite.com/testsite,,https://www.facebook.com/kokomosnoco/,,4,,
Kona Island Coffee,Restaurants & Food,Hawaiian coffee — mobile cart,Mountain View / Bay Area,CA,(408) 513-6455,https://www.konaislandcoffee.com/,,,,4,,
Kūhai Hālau O Kanoheaokalikolaua'e Pā 'Ōlapa Kahiko,Culture & Dance,Hula halau,,CA,(916) 402-0935,https://www.hulaclassesinsacramentoca.com/,,,,,,
L & M Plumbing and Water Systems,Home & Auto,Home & Auto,Garden Grove,CA,(714) 972-9662,https://pnmplumbinginc.com/,,,,4,,
Lady Royal Beauty Lounge,Salons & Beauty,Health & Beauty,West Valley City,UT,(801) 755-9059,https://square.site/book/J95MX465X0MYP/lady-royal-beauty-lounge-west-valley-city-ut?fbclid=IwAR2XmgOPTtTEhIrBGxgV0yD0dbototDlGbnPr0ejEhLCvEkyeXnUrIWK4lg,https://www.instagram.com/lady_royal_beautylounge,,,,,
Lani Moku Grill,Restaurants & Food,Hawaiian food truck,Eugene,OR,(541) 653-6352,https://www.lanimokugrill.com/,,,,4,,
LANIMIA LLC.,Events & Entertainment,Event Services,Salt Lake City,UT,(801) 682-3210,,https://www.instagram.com/_lanimia,,,5,,
Lao Brothers Lawn Care,Professional Services,Lawn care,West Jordan,UT,(801) 910-7303,http://www.lopezlandscapingutah.com/,instagram.com/leipualao,facebook.com/kime.lao,,4,,
Lashes by Lex,Salons & Beauty,Health & Beauty,Rancho Cucamonga,CA,(909) 714-8369,https://www.instagram.com/brows_by_lex,https://www.instagram.com/lashesbylexig,,,5,,
LAWNesian Wishes,Events & Entertainment,Event Services,,CA,,,https://www.instagram.com/lawnesianwishes,,,,,
Leilua’s Beauty Boutique,Salons & Beauty,Health & Beauty,West Valley City,UT,(801) 883-9545,https://www.facebook.com/LeiluasBeauty/,,https://www.facebook.com/LeiluasBeauty,,4,,
Leis by Leilani,Culture & Dance,Lei maker,Los Angeles,CA,(888) 534-5264 ext. 2,https://leisbyleilani.com/,https://instagram.com/leisbyleilani,,,3,,
leisbyleilani,Events & Entertainment,Event Services,Los Angeles,CA,(310) 901-6219,http://www.leisbyleilani.com/,https://www.instagram.com/leisbyleilani,,,,,
Level Up Studio,Salons & Beauty,Health & Beauty,Tacoma,WA,(978) 267-7876,http://levelupstu.com/,https://www.instagram.com/levelupstu.dio,,,5,,
Likohina’s Tropical Butters/Kahakai Entertainment,Events & Entertainment,Event Services,Redondo Beach,CA,310-525-8895,,,,,,,
Lina's Lovo Food & Catering,Restaurants & Food,Catering,New York,NY,(212) 567-5031,,,facebook.com/Linascater,,4,,
Lino's Barber Shop,Salons & Beauty,Barber shop,Orem,UT,(801) 655-3712,,,https://www.facebook.com/vilithebarber,,4,,
Live Aloha Festival,Events & Entertainment,Event Services,Seattle,WA,,https://www.seattlelivealohafestival.com/,https://www.instagram.com/livealohafestival,,,5,,
Local Kine Shave Ice,Restaurants & Food,Shave ice — food truck,Sacramento,CA,,,instagram.com/localkineshaveice,,,5,,
Lockwood Florist,Events & Entertainment,Event Services,Oakland,CA,(510) 541-0106,https://lockwoodbusinessisbloomingflor.godaddysites.com/?fbclid=PAZXh0bgNhZW0CMTEAAaZdcshJ8-FQOdgmH5_SHQyxrSX8zvPEPLGmA6INOIAx9zc5WOzw9JjN77k_aem_R4CRRuy0iXicO8fjkfCCtw,https://www.instagram.com/lockwoodflorist510,,,5,,
Loco Ono,Restaurants & Food,Poke bowls & Hawaiian BBQ,Reno,NV,(775) 453-2174,https://eatlocoono.com/,,,,4,,
Lokahi Polynesian Dance Group,Culture & Dance,Hula / Tahitian dance studio,San Jose,CA,(408) 728-3637,https://lokahipdg.wixsite.com/my-site,instagram.com/lokahipdg,,,5,,
Lolo Ono Hawaiian Shave Ice,Restaurants & Food,Shave ice food truck,Belleair Bluffs (Tampa Bay),FL,,,,,,,,
Lono Poke,Restaurants & Food,Poke stall (food hall),Chicago,IL,(312) 516-2456,http://www.mammothpoke.com/?utm_source=google&utm_medium=wix_google_business_profile&utm_campaign=4084174679348322254,,,,4,,
Lui & Lui Homes,Real Estate,Real Estate,South Jordan,UT,(801) 856-9954,https://nathanlui.exprealty.com/,,,,5,,
Lui Construction,Home & Auto,General construction,Salt Lake City,UT,(801) 897-1080,http://ltcontractorsutah.com/,,,,4,,
M&L Construction,Home & Auto,Home & Auto,San Francisco,CA,(415) 612-3138,http://www.mandlconstruction.com/,,https://www.facebook.com/MLbuilderr,,4,,
M.A.N.A. Pasefika (SisterWeb),Salons & Beauty,Health & Beauty,San Francisco,CA,4154707803,https://www.sisterweb.org/mana-pasefika,https://www.instagram.com/mana.pasefika,,,,,
Mahana Dance Company,Culture & Dance,Polynesian entertainment / luau,Lakewood,CA,(562) 270-0246,http://www.mahanadancecompany.com/,,,,4,,
Mahana Dance Company & Catering,Culture & Dance,Polynesian entertainment & Hawaiian catering,Salt Lake City,UT,(562) 270-0246,https://mahanadancecompany.com/,,,,5,,
Mahealani's Polynesian Entertainment,Culture & Dance,Polynesian entertainment (hula/fire),Atlanta,GA,(404) 808-3631,https://dawnmahealani.com/,https://instagram.com/dawndouglas1,,,4,,
Maile’s Natural Soap Box,Salons & Beauty,Health & Beauty,Upland,CA,(888) 614-7175,http://www.unearthmalee.com/,https://www.instagram.com/mailesnaturals,,,4,,
Makeup by Kadisha,Salons & Beauty,Health & Beauty,Los Angeles,CA,,https://calendly.com/beatbydeesh,https://www.instagram.com/kadiisha.t/,,,,,
Malia's Hula Hut,Culture & Dance,Polynesian entertainment + Hawaiian catering,Houston / The Woodlands / Sugar Land,TX,(832) 359-9878,https://maliashulahut.com/,,,,5,,
Mana Essentials,Salons & Beauty,Health & Beauty,Carlsbad,CA,(323) 616-4677,http://manaskinessentials.glossgenius.com/,https://www.instagram.com/manaessentials.co,,,4,,
Manea Event Planning / Catering,Events & Entertainment,Event Services,Lomita,CA,(310) 325-7638,https://manea.net/?fbclid=IwAR32hkXa_KjuyKEYnys79zrCDThFizGQxnZpBuiWL689Y22c67_UKA5tdBs,https://www.instagram.com/maneadancers,,,,,
Mani's Curry House,Restaurants & Food,Restaurant,"Sacramento (South, Mack Rd/Stockton Blvd)",CA,,,,,,,,
Manoa Poke Shop,Restaurants & Food,Hawaiian / poke restaurant,Boston,MA,(617) 945-1042,http://www.manoa.fish/,,,,4,,
Manuia Home Decor,Home & Auto,Home & Auto,Provo,UT,(385) 309-0333,https://www.imagehomecenter.com/,https://www.instagram.com/manuiahome,,,4,,
ManuiaHome,Home & Auto,Home & Auto,Pleasant Grove,UT,(801) 822-8640,https://www.etsy.com/shop/ManuiaHome,https://www.instagram.com/manuiahome,,,5,,
Maria Teresa Dalisay Santos-Realtor,Real Estate,Real Estate,Vallejo,CA,(707) 720-6902,http://jessicasantos.exprealty.com/,,https://www.facebook.com/mariateresadalisaysantos/,,5,,
Marianas Grinds,Restaurants & Food,"Restaurant (brick-and-mortar, plate lunch/BBQ)",Jacksonville,FL,(206) 612-6596,https://www.facebook.com/marianasgrinds/,https://instagram.com/marianasgrinds,,,4,,
Mark-Jason Solofa Mens Grooming,Salons & Beauty,Health & Beauty,Berkeley,CA,(510) 859-8112,https://mjsolofa.com/,https://www.instagram.com/mjsolofamensgrooming,,,4,,
Masina Fou Birth Services,Salons & Beauty,Health & Beauty,Oakland,CA,(510) 479-0905,http://www.awakeningsbirthservices.com/,,,,,,
Matai'z Polynesian Grill,Restaurants & Food,Restaurant/caterer (Polynesian BBQ),Walls (Memphis metro),MS,,http://mataiz.com/ (may be down/404),https://instagram.com/mataizpolynesiangrill,,,,,
Matautia Kreations,Home & Auto,Home & Auto,Carson,CA,,,https://www.instagram.com/matautiakreations,,,,,
Matiki Island Bar-B-Que,Restaurants & Food,Hawaiian/Pacific BBQ restaurant,Anaheim,CA,(714) 821-5228,http://www.matikisbbq.com/,,,,4,,
Matiki Island BBQ,Restaurants & Food,Restaurant / island BBQ,Anaheim,CA,(714) 821-5228,http://www.matikisbbq.com/,,https://www.facebook.com/@MatikiIslandBBQ/,,4,,
Matou Samoa,Professional Services,Education & Development,,IL,,https://matousamoa.com/,https://www.instagram.com/amuuso,,,,,
Mauka Hawaiian Shave Ice,Restaurants & Food,Hawaiian shave ice food truck (events/catering),Orting,WA,(808) 223-9579,https://streetfoodfinder.com/MaukaShaveIce,,,,5,,
Mauka Shaved Ice,Restaurants & Food,Hawaiian shave ice food truck,Eaton,CO,(970) 966-0770,https://maukashavedice.com/,,https://www.facebook.com/MaukaShavedIce/,,5,,
Ma’u Tonga Concrete Services,Home & Auto,Home & Auto,Springville,UT,(801) 400-4313,https://knockoutconcreteandexcavation.com/,https://www.instagram.com/crystalconcretellc,,,4,,
Melemanatu Aholelei-Lomu,Real Estate,Real Estate,Farmington,UT,(808) 747-9080,https://meleaholelei.exprealty.com/,https://www.instagram.com/mele_aholelei,,,,,
Menehune Murph's Hawaiian Shave Ice,Restaurants & Food,Hawaiian shave ice shop,Gladstone,OR,(503) 744-4908,https://menehunemurphs.com,https://instagram.com/menehunemurphs,,,5,,
Michael Nansen Hair,Salons & Beauty,Health & Beauty,Lakewood,CA,(951) 271-6197,http://www.solasalonstudios.com,https://www.instagram.com/solasalons/,,,,,
Microblading by Marie,Salons & Beauty,Health & Beauty,Roy,UT,,https://www.vagaro.com/urbanalluresalon,https://www.instagram.com/mxjmicroblading,,,,,
Microblading by Sina,Salons & Beauty,Health & Beauty,Brentwood,CA,,http://www.allseasonsbeauty.glossgenius.com,https://www.instagram.com/allseasonsbeauty_,,,,,
Mike's Shave Ice,Restaurants & Food,Hawaiian shave ice pop-up (markets/events),Seattle,WA,(206) 389-7099,https://www.mikesshaveice.com/,https://instagram.com/mikesshaveice,,,4,,
Mila's Kitchen Hawai'i,Restaurants & Food,Poke bar / catering,Brea / Chino Hills,CA,(808) 391-4474,https://www.milaskitchenhawaii.com/,https://instagram.com/milaskitchenhawaii,,,28,,
Mina's Polynesian Hut,Restaurants & Food,Food truck,South Salt Lake,UT,(801) 792-4492,http://www.minaspolyhut.com/,,,,4,,
MK Expressions,Events & Entertainment,Event Services,Herriman,UT,(385) 236-1220,https://mkphotography222.mypixieset.com/,https://www.instagram.com/MKExpressions,,,5,,
Mo's Hut,Restaurants & Food,Samoan/Hawaiian catering + food truck,San Lorenzo,CA,(510) 690-4001,https://m.facebook.com/mos.hut.7,,facebook.com/mos.hut.7,,,,
MOA Inspections LLC.,Home & Auto,Home & Auto,Mission Viejo,CA,(949) 616-8287,http://www.moainspectionsllc.com/,https://www.instagram.com/moainspections_llc,,,,,
MoanaSina Creations LLC,Events & Entertainment,Event Services,Temecula,CA,9513874765,https://moanasinacreations.com,https://www.instagram.com/moanasina_creations/,,,,,
Moki's Hawaiian Grill,Restaurants & Food,Hawaiian restaurant / plate lunch,Taylorsville (SLC metro),UT,(801) 965-6654,https://www.mokis.com/,,https://www.facebook.com/MokisGrill/,,4,,
Moku Hawaiian Grill,Restaurants & Food,Hawaiian plate-lunch restaurant,Phoenix,AZ,(480) 704-0108,https://mokuhawaiiangrillaz.com/,,,,4,,
Money Home Inspection,Home & Auto,Home & Auto,Eagle Mountain,UT,(801) 369-2916,http://www.utahinspectionsllc.com/,https://www.instagram.com/Moneyhomeinspection,,,5,,
Moni and Kalo Havea,Home & Auto,Home & Auto,,UT,,https://www.shopltk.com/explore/kalo_havea,https://www.instagram.com/mkcustombuilt,,,,,
Movers Pak-Man Inc,Home & Auto,Home & Auto,San Diego,CA,(619) 961-9960,http://www.packman-moving.com/,,,,5,,
MUV LUX LLC.,Salons & Beauty,Health & Beauty,Fort Worth,TX,,https://www.luxxgrouphospitality.com/mrluxx,https://www.instagram.com/Muv_lux,,,1,,
Na Pua Mai Ka Lani Nuioka,Culture & Dance,Hula school / dance classes,Long Island City / Queens,NY,,https://napuanuioka.wixsite.com/nuioka,,,,,,
Nathan Emery Tattoo,Tattoo,Polynesian / tribal tattoo artist,San Francisco,CA,(415) 650-2083,https://www.nathanemerytattoo.com/,instagram.com/nathanemery,,,5,,
Natte Glamz,Salons & Beauty,Health & Beauty,,NE,(531) 210-8423,https://nateglamz.mynuskin.com/,https://www.instagram.com/nateglamz,,,,,
NIU Electric,Home & Auto,Home & Auto,Chula Vista,CA,(858) 731-6233,https://www.facebook.com/NiuElectricCompany/,,https://www.facebook.com/NiuElectricCompany/,,,,
NIU Looks Auto,Home & Auto,Home & Auto,West Valley City,UT,(801) 901-0451,https://www.valleyauto.haus/,https://www.instagram.com/niulooksautodetailing,,,,,
NIU Looks Auto Detailing,Home & Auto,Auto detailing,West Valley City,UT,(512) 956-3225,http://www.mrnicecar.co/,instagram.com/niulooksautodetailing,,,4,,
No Coast Shave Ice,Restaurants & Food,Hawaiian shave ice stand,Wichita,KS,,https://nocoastshaveice.com/,,https://www.facebook.com/nocoastshaveice/,,4,,
No Ke Aloha - Polynesian Cuisine,Restaurants & Food,Hawaiian/Polynesian food truck & catering (now storefront),Aurora,CO,(720) 492-4321,https://www.nokealoha.com/,,,,4,,
Noble House Hawaiian Foods,Restaurants & Food,Restaurant + food trucks,Wichita,KS,(316) 351-5596,https://noblehousefood.com/?utm_source=google,,,,4,,
Noho's Hawaiian Cafe,Restaurants & Food,Restaurant,Portland,OR,(503) 445-6646,http://www.nohos.com/,,,,4,,
Noni Scrubs,Salons & Beauty,Health & Beauty,Spokane,WA,,https://www.etsy.com/shop/ScrubsByJeweLiia,https://www.instagram.com/noni_bnfscrub,,,,,
Oahu Hawaiian BBQ,Restaurants & Food,Hawaiian BBQ / plate lunch restaurant,Virginia Beach,VA,(757) 499-9699,https://alohahawaiianbbq.blizzfull.com/,,,,4,,
OBM Coach-Nate Tia,Salons & Beauty,Health & Beauty,,CA,,,https://www.instagram.com/obm_coachtia408,,,,,
Official Mana Academy,Professional Services,Education & Development,West Valley City,UT,(801) 972-6262,http://www.themanaacademy.org/,https://www.instagram.com/manaacademy,,,,,
Ohana & Co Eatery,Restaurants & Food,Hawaiian restaurant / catering / shave ice,Virginia Beach,VA,(757) 998-8055,https://ohanaandcompany.com/,https://instagram.com/_ohanaandco,,,4,,
Ohana Grill,Restaurants & Food,Hawaiian-style plates & grill,Guthrie (OKC metro),OK,(405) 916-7479,https://www.ohanagrill-guthrie.com/,,https://www.facebook.com/HawaiianStyleFood/,,4,,
Ohana Hawaiian Ice,Restaurants & Food,Shave ice (mobile),Grand Rapids,MI,(616) 228-7554,https://iwannaohana.com,https://instagram.com/ohanahawaiianice,,,4,,
Ohana Hut,Restaurants & Food,Hawaiian & sushi restaurant,Albuquerque,NM,(505) 200-9897,https://ohanahut.com/,,,,3,,
Ohana Island Kitchen,Restaurants & Food,Hawaiian restaurant,Denver,CO,(303) 718-6580,http://ohanadenver.com/,,,,4,,
Ohana of Polynesia Inc.,Culture & Dance,Polynesian dance group / luau show,Washington DC metro,DC,(571) 222-5553,,,,,4,,
Ohana Poke,Restaurants & Food,Hawaiian poke restaurant,Fairhope,AL,(251) 517-7760,https://www.opfairhope.com/,,,,4,,
Ohana Poke,Restaurants & Food,Hawaiian poke restaurant,Fayetteville,AR,(479) 935-3689,https://www.ohanapokefayetteville.com/,,https://www.facebook.com/ohanapoke1135/,,4,,
Ohana Poke Company,Restaurants & Food,Restaurant (poke),Billings,MT,(406) 534-2353,http://www.ohanapokecompany.com/,,,,4,,
Ohana Strong Junk Removal,Home & Auto,Home & Auto,Orem,UT,(531) 215-9911,http://www.littleladyandhertruck.com/,,,,4,,
Oish Barber Shop,Salons & Beauty,Barber shop,West Valley City,UT,(801) 840-4856,http://oishmerch.com/,,https://www.facebook.com/oishbarbershop,,4,,
Olive Website Design,Professional Services,Media & Technology,San Diego,CA,(619) 362-1053,https://sandiegowebmarketing.com/,https://www.instagram.com/olivewebdesignut,,,5,,
One Taumoepeau,Salons & Beauty,Health & Beauty,Taylorsville,UT,(801) 419-3576,https://square.site/book/1J10V0A7M3SKQ/o-s-barber-shop-taylorsville-ut,https://www.instagram.com/osbarbershop_ut,,,,,
Ono Grinds Poke,Restaurants & Food,Hawaiian poke restaurant,Newark,NJ,,,,,,,,
Ono Hawaiian Plates,Restaurants & Food,Hawaiian restaurant / catering,Minneapolis,MN,(612) 249-9382,https://onohawaiianplates.com/,https://instagram.com/onohawaiianplates,,,4,,
Ono Ice Co.,Restaurants & Food,Shave ice food truck,Brooksville (Tampa Bay),FL,(706) 832-8576,https://www.onoice.co/,,,,4,,
Ono Kine Grindz,Restaurants & Food,"Hawaiian market, deli & catering",Wauwatosa,WI,(414) 778-0727,https://www.okgrindz.com/,,,,4,,
Ono Poke,Restaurants & Food,Hawaiian poke restaurant,Memphis,TN,(901) 618-2955,https://www.facebook.com/onopokememphis/,,,,4,,
Orionz Island Fusion,Restaurants & Food,Food truck,Salem,OR,,,instagram.com/orionzislandfusion,,,4,,
Pac Island Grill (Hawaiian Style BBQ),Restaurants & Food,Hawaiian BBQ restaurant + catering,Federal Way,WA,(253) 529-8667,http://www.hawaiianstylebbq.net/,,,,4,,
Pac Island Grill Hawaiian Style BBQ,Restaurants & Food,Restaurant / catering,Federal Way,WA,(253) 529-8667,https://order.online/business/pac-island-grill-91292,,,,4,,
Pacific Flame Island Grill,Restaurants & Food,Food truck,Austin,TX,(512) 765-4302,http://www.pacific-flame.com/,instagram.com/pacific.flame,,,4,,
Pacific Generation,Culture & Dance,Polynesian show / music / luau catering,Orem (SLC/Provo area),UT,801-362-0507,https://pacificgeneration.com/,,,,,,
Pacific Island Grill,Restaurants & Food,Food truck,Provo,UT,(801) 374-0000,https://www.toasttab.com/sweet-s-hawaiian-grill-711-columbia-lane,,facebook.com/pacificislandgrill,,4,,
Pacific Islander Insurance Services (SR Benefits / Senior Benefits Insurance Services),Professional Services,Insurance / financial services,Sandy,UT,(801) 523-6081,https://www.srbenco.com/,,,,5,,
Pacific Managment and Consulting,Professional Services,Legal & Finance,San Antonio,TX,(210) 964-6958,https://www.pacific-mc.com/,https://www.instagram.com/pacific_mc,,,,,
Pacific Paradise Entertainment,Culture & Dance,Hula / Tahitian / Polynesian entertainment & halau,Cleveland,OH,(440) 781-3619,https://www.pacificparadiseentertainment.com/,https://instagram.com/pacificparadiseentertainment,,,,,
Pacific Seas Restaurant & Market,Restaurants & Food,Restaurant/Market,Salt Lake City,UT,(801) 975-6565,,,,,4,,
Palega & Palega Homes,Real Estate,Real Estate,San Francisco,CA,(415) 831-6828,https://sfrecpark.org/Facilities/Facility/Details/Palega-Rec-Center-103,https://www.instagram.com/palegahomes,,,4,,
Paradise Delight Floral & Event Productions,Events & Entertainment,Event Services,Marina Del Rey,CA,(657) 427-7770,https://paradiseflowersart.com/pages/marina-del-rey,,,,5,,
Paradise Hawaiian BBQ,Restaurants & Food,Hawaiian BBQ / plate lunch,Phoenix,AZ,(602) 254-7174,https://www.paradisehawaiianbbq.com/,,,,4,,
Paradise Island Entertainment,Culture & Dance,Polynesian luau entertainment company,South Jersey (serves NJ/PA/NY/DE/MD),NJ,(856) 562-1418,https://alohahulashow.com/,,,,5,,
Paradise Porch,Home & Auto,Home & Auto,South Jordan,UT,(801) 891-6625,,https://www.instagram.com/paradise.porch,,,5,,
Park Avenue Polynesian,Restaurants & Food,Samoan restaurant & market,Riverside,CA,(951) 344-1090,,,,,4,,
Pasifika Foods,Restaurants & Food,Restaurant,Sacramento,CA,(916) 246-9244,http://www.pasifikafoodsusa.com/,https://www.instagram.com/pasifikafoodsusa/,,,4,,
Pasifika Grill & Bar,Restaurants & Food,Pacific Islander restaurant / bar,Bellevue,WA,(425) 285-7900,https://pasifikagrill.com/?utm_source=google,https://instagram.com/pasifikagrillandbar,,,4,,
Pasifika Rooted Therapy,Salons & Beauty,Health & Beauty,Los Angeles,CA,(260) 316-8507,http://www.pacificarttherapy.com/,https://www.instagram.com/pasifikarootedtherapy,,,5,,
Pau Hana Shave Ice,Restaurants & Food,Shave ice,San Jose,CA,,https://instagram.com/pauhanashaveiceco,instagram.com/pauhanashaveiceco,,,4,,
Paul Loh Tattoos,Tattoo,Tattoo artist / studio,Fairfax / Northern Virginia,VA,(703) 383-0699,https://paullohtattoos.com/,,,,4,,
Pauni Island Grill & Catering,Restaurants & Food,Restaurant / food truck / catering,Logan,UT,(435) 232-3247,https://www.pauniislandgrill.com/,,facebook.com/PauniIslandGrill,,5,,
Pauni Island Grill Catering & Entertainment,Restaurants & Food,Catering,Logan,UT,(435) 232-3247,https://www.pauniislandgrill.com/,,,,5,,
Peleseuma Barber,Salons & Beauty,Health & Beauty,South San Francisco,CA,(650) 273-1001,http://www.headspinsbarbershop.com/,https://www.instagram.com/therealpeleseumab,,,4,,
Philgood Cuts,Salons & Beauty,Barber shop,South San Francisco,CA,(650) 873-5887,https://www.philgoodcuts.com/,,,,4,,
Poasa Imports,Restaurants & Food,Samoan/Polynesian restaurant & market,Carson,CA,(310) 952-0297,http://poasa-imports.poi.place/,,,,4,,
Poasa Imports Samoan Market,Restaurants & Food,Market with hot kitchen / Polynesian restaurant,Carson,CA,,,,,,,,
Poke Hana,Restaurants & Food,Hawaiian poke restaurant,Orlando,FL,(407) 601-0283,https://www.poke-hana.com/,,,,4,,
Poke Loa,Restaurants & Food,Hawaiian poke restaurant,New Orleans / Metairie,LA,(504) 605-4184,https://eatpokeloa.com/,,,,4,,
Poke Poké (Pokepokechi),Restaurants & Food,Poke restaurant,Chicago,IL,(312) 631-3380,https://www.pokepokechi.com/,https://instagram.com/pokepokechi,,,4,,
Pokehana,Restaurants & Food,Hawaiian poke restaurant,Louisville,KY,(502) 996-7994,https://pokehanalouisville.com/,,,,4,,
Poly Grill & Bakery,Restaurants & Food,Samoan restaurant & bakery,Carson,CA,(424) 536-3070,https://docs.google.com/presentation/d/1_ajCbGD6wT_edkSgVttkC0ZyuNcZ-Cl0uMPmaZCGcsI/edit?usp=sharing,,,,4,,
Polymite Bakery,Restaurants & Food,Bakery (home-based / delivery),Modesto,CA,(209) 568-1711,https://dulcemiacakes.com/,https://www.instagram.com/bakerypolymite/,,,4,,
Polynesian Fiafia,Culture & Dance,Luau / hula & Polynesian dance entertainment,Denver,CO,(303) 373-1137,http://polynesianfiafia.com/,,,,5,,
Polynesian Fire Luau (Myrtle Beach),Culture & Dance,Luau dinner show + island buffet,Myrtle Beach,SC,843-424-1978,https://www.polynesianfire.com/,,,,,,
Polynesian Fire Luau (Orlando),Culture & Dance,Luau dinner show + island buffet catering,Kissimmee,FL,(843) 424-1978,https://www.polynesianfire.com/fire-luau-in-orlando/,,,,4,,
Polynesian Living,Salons & Beauty,Health & Beauty,San Diego,CA,(619) 583-3000,http://www.prideofpolynesia.com/contact_us.html,https://www.instagram.com/polynesianliving,,,5,,
PolyScape Services,Home & Auto,Landscaping,Orem,UT,(385) 233-3444,https://modscapes.com/,instagram.com/polyscapeservices,,,4,,
Pono Hawaiian Catering (Bay Area),Restaurants & Food,Hawaiian BBQ catering,San Jose / Bay Area,CA,(831) 476-7458,http://ponohawaiiangrill.com,instagram.com/ponocatering_bayarea,,,4,,
Pono Ono,Restaurants & Food,Poke restaurant,Evanston,IL,(847) 859-6390,http://ponoonopoke.com/,,,,4,,
Pono Plates,Restaurants & Food,Hawaiian food truck / plate lunch,Atlanta,GA,,https://ponoplates.com/,,,,,,
Pono Plates,Restaurants & Food,Hawaiian food truck (plate lunch),San Antonio,TX,425-626-2820,https://ponoplates.com/,,,,,,
Pro Movers LC,Home & Auto,Moving / junk hauling,South Salt Lake,UT,(801) 949-3221,http://www.promoverscorp.com/,,https://www.facebook.com/ProMovers02,,4,,
Pro Movers Receiving and Storage,Home & Auto,Home & Auto,South Salt Lake,UT,(801) 949-3221,http://www.promoverscorp.com/,https://www.instagram.com/promoverscorp,,,4,,
ProDental Service and Repair,Salons & Beauty,Health & Beauty,West Jordan,UT,(801) 304-1111,http://www.prodentalut.com/,https://www.instagram.com/prodentalservice,,,4,,
Prubechu,Restaurants & Food,Restaurant (sit-down),San Francisco,CA,(415) 853-0671,http://www.prubechu.com/,,,,4,,
Prubechu',Restaurants & Food,Chamorro fine-dining restaurant,San Francisco,CA,(415) 853-0671,https://www.prubechu.com/,https://instagram.com/prubechusf,,,,,
Pure Enviro Management,Home & Auto,Home & Auto,,UT,(469) 452-7761,https://puremaintenancerestoration.com/?utm_source=gbp&utm_medium=organic&utm_campaign=local,https://www.instagram.com/fivesonsconcrete,,,5,,
RAHITI (Hālau Hula O Keliʻikoanuiokeao),Culture & Dance,Polynesian / hula dance studio,South San Francisco,CA,(415) 286-2161,https://www.rahitipolynesiandance.com/,instagram.com/rahiti_polynesian_dance_ca,,,5,,
Rasia's Ono Ice,Restaurants & Food,Hawaiian shave ice (events/pop-up),Portland,OR,,,https://instagram.com/rasias.ono.ice,,,,,
Ray & Dee's Chamorro Food,Restaurants & Food,Chamorro food truck / weekend pop-up,Bremerton,WA,,,,,,,,
RazorHawks Womens Rugby,Salons & Beauty,Health & Beauty,East Palo Alto,CA,(510) 927-6730,https://www.razorhawks.com/schedule,https://www.instagram.com/razorhawkswomen,,,5,,
Real Estate/Mary Pa’ala Real Estate,Real Estate,Real Estate,Long Beach,CA,(562) 972-2079,http://www.reggieregroup.com/,https://www.instagram.com/mary.paala,,,5,,
Redmond Barbershop,Salons & Beauty,Health & Beauty,Salt Lake City,UT,(385) 432-8254,http://retro-barbers.com/,https://www.instagram.com/redmondbarbershop,,,4,,
Redmond's Barber Shop,Salons & Beauty,Barber shop,Salt Lake City,UT,(385) 261-2196,https://saltlakebarberco.com/,,https://www.facebook.com/redmondsbabershopUT,,4,,
Reno Aloha Festival,Events & Entertainment,Event Services,Reno,NV,(707) 328-6189,https://www.renoalohafestival.com/,https://www.instagram.com/renoalohafestival,,,,,
Rev. Roxanne K. Cottell,Professional Services,Legal & Finance,Los Angeles,CA,(760) 686-9090,,https://www.instagram.com/revroxie22,,,,,
Ronas Powerhouse,Salons & Beauty,Health & Beauty,Oceanside,CA,(951) 541-6378,https://www.ronaspowerhouse.com/,https://www.instagram.com/ronaspowerhouse,,,5,,
roof.top21,Restaurants & Food,Hawaiian street-food truck,,NC,,,,,,,,
Rutt's Hawaiian Cafe,Restaurants & Food,Hawaiian restaurant,Gardena,CA,(310) 817-4755,https://ruttscatering.com/,,,,4,,
Ryan Manuel Barber,Salons & Beauty,Health & Beauty,Springdale,AR,(479) 365-7330,http://www.myguythebarber.com/,https://www.instagram.com/_ryan.the.barber_,,,5,,
S Manu Creations,Home & Auto,Home & Auto,Campbell,CA,(310) 415-2195,https://smanucreations.com,https://www.instagram.com/s_manu_creations,,,,,
S&W Polynesian Market,Restaurants & Food,Market with hot food,West Valley City,UT,(801) 987-8523,,,,,4,,
S.L. Masonry,Home & Auto,Home & Auto,Battle Ground,WA,(360) 624-5069,http://slmasonryllc.com/,https://www.instagram.com/s.l_masonry,,,5,,
S2 Mortgage,Professional Services,Legal & Finance,San Diego,CA,(619) 540-0559,https://s2mortgage.com/,https://www.instagram.com/thepolyloanguy/,,,5,,
Sacred Tatau,Tattoo,Polynesian tattoo shop,Tampa,FL,(813) 249-8288,https://www.instagram.com/sacredtatau/,,,,4,,
Sagato Bakery & Cafe,Restaurants & Food,Bakery/cafe,Midvale,UT,(385) 557-1728,http://sagatofoods.com/,,,,4,,
Sage Creek Concrete Pumping LLC.,Home & Auto,Home & Auto,Salt Lake City,UT,(801) 502-7266,https://sage-creek-pumpimg-llc.business.site,https://www.instagram.com/sagecreekconcretepumping_,,,5,,
Salamasina Ali,Salons & Beauty,Health & Beauty,Austin,TX,(512) 443-1311,https://www.austinregionalclinic.com/doctors/salima-ali?featuretab=booknow&utm_source=online-directory&utm_campaign=yext&utm_content=salima-ali-book-appt,,,,4,,
Samoana Market & Bakery,Restaurants & Food,Samoan market & bakery,Long Beach,CA,(562) 422-1022,http://poasa-imports.poi.place/,,facebook.com/p/Samoana-Market-Bakery-100075730467004,,4,,
Samuel Tulia – Keller Williams Realty,Real Estate,Real Estate,Los Angeles,CA,(818) 266-5111,https://www.yelp.com/biz/samuel-tulia-keller-williams-realty-porter-ranch,https://www.instagram.com/Thekiwirealtor,,,,,
Sanitize Guys LLC,Home & Auto,Home & Auto,Inland Empire,CA,(480) 559-9435,https://saniguysclean.com/,https://www.instagram.com/sanitize_guys_2020,,,5,,
Sapasui Bowl,Professional Services,Pop-up / plate-lunch counter,Long Beach,CA,,,,,,,,
Scanlan Editing Services,Professional Services,Media & Technology,Ridgecrest,CA,,http://www.ritascanlan.com,,,,,,
Self Made Hollywood,Salons & Beauty,Health & Beauty,West Hollywood,CA,(818) 687-7535,https://www.selfmadetrainingfacility.com/,https://www.instagram.com/smtfholywood,,,4,,
SF Enterprises (LANGI Shipping),Restaurants & Food,Freight forwarding / logistics / trucking,Oakland,CA,(510) 251-2773,http://www.sfenterprises.net/,,https://www.facebook.com/SFEnterprisesLANGI,,4,,
Shaka Sno ATX,Restaurants & Food,Hawaiian shave ice,Austin,TX,(512) 994-0687,https://shakasnoatx.com/,,https://www.facebook.com/ShakaSnoATX/,,4,,
Shaka Tropical Cuisine and Hawaiian Flavors,Restaurants & Food,Hawaiian restaurant,Oklahoma City,OK,(405) 724-7681,https://www.shakaokc.com/,,,,,,
Sharky's Island Bites,Restaurants & Food,Restaurant,Wichita,KS,(316) 364-9534,https://www.sharkysisland.com/,,,,4,,
SharLashes,Salons & Beauty,Health & Beauty,Portland,OR,(503) 750-1371,http://www.lashpdx.com/,https://www.instagram.com/sharlashespdx,,,4,,
Shave. Hawaiian Ice,Restaurants & Food,Shave ice food trailer,Knoxville,TN,(865) 896-3056,https://www.shavehawaiianice.com/,,,,5,,
Shore Lei,Culture & Dance,Lei maker / florist,Huntington Beach,CA,(562) 413-6490,https://www.shorelei.com/,https://instagram.com/shore.lei,,,,,
Siala Atafua,Real Estate,Real Estate,Houston,TX,(832) 897-7868,http://sialaatafua.exprealty.com/,https://www.instagram.com/sialasellstexas,,,5,,
Sievers Wellness,Salons & Beauty,Health & Beauty,Long Beach,CA,(562) 980-0555,http://tws-lb.com/,https://www.instagram.com/sieverswellness,,,4,,
Sima Pros,Home & Auto,Concrete / masonry contractor,Eagle Mountain,UT,(385) 294-9519,,,https://www.facebook.com/simapros,,5,,
Simply Lava Polynesian Mart,Restaurants & Food,Market with hot food,West Valley City,UT,(385) 275-7683,,,facebook.com/SimplyLavaMart,,4,,
Sippin Lavish,Events & Entertainment,Event Services,Pullman,WA,,,https://www.instagram.com/Sippin.lavish,,,,,
SK3 Construction LLC.,Home & Auto,Home & Auto,Orem,UT,(435) 776-5715,http://www.sk3construction.com/,https://www.instagram.com/sk3construction,,,4,,
Ski's Hawaiian Shave Ice,Restaurants & Food,Hawaiian shave ice,Philadelphia,PA,(717) 500-1551,https://kokuashaveice.com/,,,,5,,
SManu Creations,Home & Auto,Home & Auto,Campbell,CA,(408) 382-9550,https://uscbuilders.com/,https://www.instagram.com/s_manu_creations,,,4,,
Snowdrifts Hawaiian Shaved Ice,Professional Services,Hawaiian shaved ice trailer,Centerton / Rogers,AR,,,,https://www.facebook.com/snowdriftsNWA/,,,,
Soa's Kitchen,Restaurants & Food,Restaurant / catering,University Place,WA,(253) 844-1012,,,,,,,
Sofele Fit,Professional Services,Fitness / personal training,South Salt Lake,UT,(208) 404-6960,http://soulfitsc.com/,https://www.instagram.com/sofele_fit,,,5,,
Sofele FitUTSOFEI,Salons & Beauty,Health & Beauty,West Valley City,UT,(888) 818-6032,http://spservicing.com/,https://www.instagram.com/sofele_fit,,,1,,
Sold AE’OFA,Home & Auto,Home & Auto,West Valley City,UT,(385) 528-7521,,https://www.instagram.com/soldaeofa,,,,,
Solo Fogavai Hair,Salons & Beauty,Health & Beauty,Rialto,CA,,,https://www.instagram.com/solow_roots,,,,,
Sons of Guam Island BBQ Catering,Professional Services,Caterer,Sacramento,CA,(916) 320-9221,https://sonsofguambbq.com/,,https://www.facebook.com/sonsofguamislandbbq/,,61,,
Sons of Thunder,Restaurants & Food,Hawaiian poke restaurant,New York City,NY,(718) 373-5862,https://lunaparknyc.com/rides/thunderbolt/?utm_source=google&utm_medium=local%20listing&utm_campaign=[Thunderbolt%20Local],,,,4,,
South Seas Productions,Culture & Dance,Luau entertainment & Polynesian dance classes,Houston,TX,(713) 416-9280,https://southseasproductions.org/,,,,5,,
South Sound Hawaiian Ice,Restaurants & Food,Hawaiian shave ice food truck,Tacoma,WA,,https://streetfoodfinder.com/RealHawaiianIce,,,,,,
SouthPac LLC.,Home & Auto,Home & Auto,Wasatch Front,UT,(801) 664-4612,https://southpacgroup.com,,https://www.facebook.com/SouthPacLLC/,,,,
STAX Landscape and Outdoor Living,Home & Auto,Landscaping / outdoor living,Lehi,UT,(801) 701-2086,https://fredericooutdoor.com/?utm_campaign=gmb,instagram.com/stax_outdoorliving,facebook.com/STAX-Landscaping-LLC-105431734765432,,4,,
Steven & Sons,Restaurants & Food,Samoan restaurant & market,Anaheim,CA,,,,,,5,,
Studio Twenty4,Salons & Beauty,Health & Beauty,Long Beach,CA,(562) 884-4571,https://studiotwenty4.glossgenius.com/,https://www.instagram.com/studio.twenty4,,,5,,
Sunshine from Polynesia,Culture & Dance,Polynesian entertainment + dance classes,Seattle,WA,(206) 282-0769,https://www.sunshinefrompolynesia.com/,,,,5,,
Superfit Online Fitness,Salons & Beauty,Health & Beauty,Folsom,CA,(707) 235-1504,https://www.clubsuperfit.com/,https://www.instagram.com/superfit_online_fitness,,,5,,
Superior Customz Inc,Home & Auto,Home & Auto,Orlando,FL,(407) 683-6667,,https://www.instagram.com/superiorcustomz407,,,4,,
T&T Concrete and Demo LLC,Home & Auto,Home & Auto,Perris,CA,(503) 832-5066,https://www.tntconcreteandconstruction.com/,https://www.instagram.com/tnt_demolition_co,,,4,,
Taste of Aloha (Island Smokehouse),Restaurants & Food,Food truck + catering (Hawaiian BBQ),Nashville,TN,(615) 839-7287,https://www.tasteofalohafoodtruck.com/,,,,4,,
Taste of Aloha Food Truck,Restaurants & Food,Hawaiian food truck,Nashville,TN,(615) 839-7287,https://www.tasteofalohafoodtruck.com/,,,,4,,
Tatau Brand,Tattoo,Tattoo studio / apparel,National City,CA,(619) 266-0644,https://www.tataubrand.com,,,,,,
Taylor Reece Construction,Home & Auto,Home & Auto,Orem,UT,(801) 318-4972,http://taylorreeceutah.zee.am/,https://www.instagram.com/taylorreececonstruction,,,5,,
Tehani's Hula Colorado,Culture & Dance,Polynesian entertainment & hula dance classes,Denver,CO,(303) 906-7453,https://www.hulacolorado.com/,,,,5,,
Texan Concrete Specialist,Home & Auto,Home & Auto,Euless,TX,(682) 970-5887,https://www.txconcretespecialist.com/,https://www.instagram.com/texan_concrete_Specialist,,,4,,
The Barefoot Hawaiian,Culture & Dance,Hula / Polynesian dance classes & entertainment,Chicago,IL,(847) 699-7336,https://www.barefoothawaiian.com/bhi_danceclasses.htm,,,,4,,
The Gardens Bath,Salons & Beauty,Health & Beauty,Tacoma,WA,(253) 272-5265,https://herbalgardens.org/,https://www.instagram.com/thegardensbath,,,4,,
The Husk,Professional Services,Media & Technology,Hagatna,GU,,https://thehusk.substack.com,https://www.instagram.com/jasmineadnauseam,,,,,
The Local Grind (Local Grind PDX),Restaurants & Food,Hawaiian food cart + catering,Portland,OR,(503) 660-4224,http://localgrindpdx.com/,,,,4,,
The North Shore Shave Ice,Restaurants & Food,Hawaiian shave ice truck/stand,Wichita,KS,(316) 200-2499,https://northshoreict.com/,,https://www.facebook.com/thenorthshoreshaveice/,,3,,
The Ohana Grill,Restaurants & Food,Hawaiian restaurant + food truck + catering,Lavallette,NJ,(732) 830-4040,https://www.theohanagrill.com/,https://instagram.com/ohanagrilllava,,,4,,
The Picklr,Salons & Beauty,Health & Beauty,Uintah,UT,(801) 876-0005,http://thepicklr.com/location/uintah,https://www.instagram.com/thepicklr,,,4,,
The Vitality Way,Salons & Beauty,Health & Beauty,Hayward,CA,(408) 722-6674,https://vitalitywayseamoss.com/pages/about-us,https://www.instagram.com/thevitalityway,,,5,,
The Whole N9ne Party Events,Events & Entertainment,Event Services,Long Beach,CA,5623740303,,https://www.instagram.com/thewholen9nepartyevents,,,,,
Tierra Vasi,Salons & Beauty,Health & Beauty,Provo,UT,(208) 697-6969,https://vasi-102247.square.site/,https://www.instagram.com/tierra_vasi/,,,,,
Timote Houma,Real Estate,Real Estate,Cottonwood Heights,UT,(801) 970-3680,https://www.hreutah.com/,https://www.instagram.com/montehouma_realtor,,,,,
Tino's Hawaiian Entertainment,Culture & Dance,Hawaiian/luau entertainment,New Jersey (serves NJ/PA/DE/MD/NY/VA),NJ,(609) 442-7024,http://www.hawaiianluaushow.com/,,,,4,,
Toa Hogan Training,Salons & Beauty,Health & Beauty,Beverly Hills,CA,(949) 340-5794,https://www.trainingcenterla.com/,https://www.instagram.com/toaa_theanimal,,,5,,
Toa Strength,Salons & Beauty,Health & Beauty,Hayward,CA,(510) 755-1297,http://www.ironwarehouse510.com/,https://www.instagram.com/toastrength,,,5,,
Toko LLC.,Home & Auto,Home & Auto,Heber City,UT,(800) 343-8335,https://tokous.com/,https://www.instagram.com/tokollc,,,4,,
Tolu: Modern Fijian Cuisine,Restaurants & Food,Food truck / catering,Renton,WA,(206) 251-1928,http://toluseattle.com/,instagram.com/toluseattle,facebook.com/toluseattle,,4,,
Tonga Alignment Construction Company,Restaurants & Food,General contractor / remodeling,East Palo Alto,CA,(408) 850-2722,,,,,,,
Tonga Brothers LLC,Home & Auto,Masonry / general contractor,Salt Lake City,UT,(385) 485-9999,,,https://www.facebook.com/tongabrothers,,5,,
Tonga Concrete,Home & Auto,Concrete contractor,Sacramento,CA,(916) 349-9634,http://concrete4less.com/,,,,4,,
Tongotea Construction,Home & Auto,Concrete & masonry contractor,Sacramento,CA,(916) 313-0096,https://tongoteaconstructionca.com,,,,2,,
Touch of Polynesia,Restaurants & Food,Food truck / catering,Salt Lake City,UT,(801) 972-9127,,,facebook.com/PolyFoodTruck,,5,,
Trangahlang,Salons & Beauty,Health & Beauty,San Bernardino,CA,,,https://www.instagram.com/trangcreations,,,,,
Trashcan Wingman,Home & Auto,Home & Auto,Joshua Tree,CA,(657) 274-0473,,https://www.instagram.com/trashcanwingman,,,3,,
Trench Game Athletics,Salons & Beauty,Health & Beauty,Mesa,AZ,(480) 560-5218,http://trenchgameathletics.net/,https://www.instagram.com/trenchgameathletics,,,,,
Tribal Junk Haul Removal,Home & Auto,Home & Auto,Houston,TX,(713) 514-2052,http://www.tribaljunkhaul.com/,https://www.instagram.com/tribaljunkhaul,,,5,,
Tropical Palms Shave Ice,Restaurants & Food,Hawaiian shave ice,Austin,TX,(512) 956-1222,https://www.tropicalpalmsaustin.com/,,,,4,,
TunuFixx,Restaurants & Food,Food truck,San Antonio,TX,,,,,,,,
Tupai Flowers and Designs,Events & Entertainment,Event Services,Sacramento,CA,(916) 441-2302,http://twiggsflorals.com/,https://www.instagram.com/tupaiflowers,,,4,,
Tupua Productions,Culture & Dance,Polynesian luau entertainment,Northern California (Bay/Monterey/mid-state),CA,(714) 376-5141,https://www.tupuaproductions.com/tupuapolynesianentertainment.html,,,,5,,
Tusi's Deli Creation,Restaurants & Food,Deli/Restaurant,Portland,OR,(503) 281-1834,https://www.aunttilliesdeli.org/,,,,4,,
Uce Kitchen,Restaurants & Food,Food trailer / catering,Independence (Kansas City metro),MO,(816) 267-9554,http://ucekitchen.com/,instagram.com/ucekitchen,,,5,,
Uluwehi Hālau Hula O Kapukui,Culture & Dance,Hula dance school / cultural entertainment,Portland,OR,(971) 404-1797,https://www.uluwehihalauhulaokapukui.com/,,,,,,
UP Chamorro Club,Professional Services,Education & Development,Portland,OR,,https://www.sites.up.edu/guamclub,https://www.instagram.com/upchamoruclub,,,,,
"Urban Engineers, Inc.",Professional Services,Media & Technology,Philadelphia,PA,(215) 922-8080,http://www.urbanengineers.com/,https://www.instagram.com/urbanengineers,,,5,,
USO Carriers,Events & Entertainment,Event Services,San Gabriel,CA,(626) 416-6408,,,https://www.facebook.com/USOCARRIES/,,,,
Utah Quality Concrete,Home & Auto,Concrete / masonry contractor,Salt Lake City,UT,(801) 915-1154,https://mountainqualityconcrete.com/,,,,5,,
Vaimoana Luxurious Brows,Salons & Beauty,Health & Beauty,San Leandro,CA,,,https://www.instagram.com/v.luxurious.brows,,,,,
Vaka Pressure Wash LLC,Home & Auto,Pressure washing / exterior cleaning,Buckeye,AZ,(623) 696-5955,http://www.prestigepressurewashingaz.com/,,,,4,,
Valei Arts Tattoo,Tattoo,Polynesian tattoo shop,Jacksonville,FL,(904) 503-8366,https://www.valeiartstattoo.com/randy-keener,,,,4,,
Vea Media & Events,Events & Entertainment,Event Services,Murray,UT,(801) 597-2051,http://www.veamediaevents.com/,https://www.instagram.com/veamediaevents,,,5,,
Vee Sports,Salons & Beauty,Health & Beauty,Newark,CA,(510) 714-8116,https://veesports.org/,https://www.instagram.com/_veesports,,,4,,
Venotek Mobile Phlebotomy,Salons & Beauty,Health & Beauty,Cerritos,CA,(562) 681-3474,https://www.venoteklabs.com/,,,,5,,
Victoria Real Estate and Financial Services,Real Estate,Real Estate,Cottonwood Heights,UT,(801) 915-4148,http://victoriahorsey.sothebysrealty.com/,https://www.instagram.com/victoria.real.estate,,,5,,
Vinatura,Salons & Beauty,Health & Beauty,Oakland,CA,(925) 386-0425,https://www.vintaraqms.com/contact-or-demo.html,https://www.instagram.com/vinatura.co,,,,,
Viti Curry House,Restaurants & Food,Restaurant,Sacramento,CA,(916) 927-2600,http://vjskitchen-106562.square.site/,,,,4,,
Vitoria Real Estate & Financial Services,Real Estate,Real estate / financial services,Clearfield,UT,(801) 589-2338,http://locateutahrealestate.com/,,https://www.facebook.com/Vitoria-Real-Estate-Financial-Services-106142834450303,,4,,
Vua Beauty,Salons & Beauty,Health & Beauty,Los Angeles,CA,(323) 734-5844,https://www.shoppalacebeauty.com/,https://www.instagram.com/thevuabeauty,,,4,,
Wahine Kai Shave Ice,Restaurants & Food,Hawaiian shave ice / Kona coffee,San Diego (Scripps),CA,(858) 265-6037,,,,,4,,
Waikikie Hawaiian BBQ,Restaurants & Food,Hawaiian BBQ / plate lunch,Atlanta,GA,(404) 638-1115,https://waikikie.com/,,,,4,,
WaveShack Ice,Restaurants & Food,Shave ice,Rockford,MI,(616) 884-0030,https://waveshackice.com/,,,,4,,
Wayfindher C&C,Home & Auto,Home & Auto,Modesto,CA,,,https://www.instagram.com/wayfindhercc,,,,,
Whitney Aho,Salons & Beauty,Health & Beauty,South Jordan,UT,(801) 694-9429,https://www.calliewhitney.com/,https://www.instagram.com/ilaahv_lashes,,,5,,
Willy Alohalani Tuanaki (sole-prop carrier),Restaurants & Food,Trucking (owner-operator),Scottsdale,AZ,,,,,,,,
Wokal Photography,Professional Services,Media & Technology,,GA,(229) 329-1704,https://kayleepaulkphoto.mystrikingly.com/,https://www.instagram.com/wokal_photography,,,5,,
Yeefoe Island,Events & Entertainment,Event Services,Pittsburg,CA,,,https://www.instagram.com/yeefoe,,,,,
Yummi BBQ,Restaurants & Food,Hawaiian/island BBQ — food truck + catering,Hayward,CA,(925) 587-9350,http://www.yummibbq.com/,instagram.com/yummibbq,,,4,,
Zazaxobeauty Makeup Artist,Salons & Beauty,Health & Beauty,Salt Lake City,UT,(406) 407-6607,http://www.christiandiazmakeup.com/,https://www.instagram.com/zazaxobeauty,,,5,,
Las Vegas Hawaiian Civic Club,Non-Profits,Hawaiian civic club,Las Vegas,NV,,https://www.lasvegashawaiiancivicclub.net,,,,,,Yes
Tautua Mo Samoa Las Vegas,Non-Profits,Samoan cultural preservation & community events,Las Vegas,NV,,https://tautuamosamoalv.org,,,,,,Yes
Mana O Ka Lāhui,Non-Profits,"Cultural education, language & youth programs",Las Vegas,NV,,https://www.manaokalahui.org,,,,,,Yes
UTOPIA Las Vegas,Non-Profits,"Queer/trans PI advocacy — housing, healthcare, civic engagement",Las Vegas,NV,,https://www.utopialasvegas.org,,,,,,Yes
Nevada Pacific Islander Chamber of Commerce,Non-Profits,Business support & cultural promotion for PI-owned businesses,Las Vegas,NV,,https://www.nevadapicc.org,,,,,,Yes
Nuʻu O Samoa Las Vegas Organization,Non-Profits,Preserving Samoan heritage & community in Nevada,Las Vegas,NV,,,,,,,,Yes
Fil-Am Civic Action International (FACAI),Non-Profits,"Filipino-American education, culture & civic engagement",Las Vegas,NV,,https://filamcivicaction.org,,,,,,Yes
OCA Las Vegas,Non-Profits,"AANHPI advocacy, civic participation & leadership",Las Vegas,NV,,https://ocalasvegas.org,,,,,,Yes
One APIA Nevada,Non-Profits,Grassroots AANHPI civic power & voter outreach,Las Vegas,NV,,https://www.oneapianevada.org,,,,,,Yes
ʻAhahui Kiwila Hawaiʻi o San Diego,Non-Profits,Hawaiian civic club,San Diego,CA,,https://www.hawaiiancivicclubofsandiego.org,,,,,,Yes
ʻĀinahau O Kaleponi Hawaiian Civic Club,Non-Profits,Hawaiian civic club (Orange County),Garden Grove,CA,,https://www.aokhcc.org,,,,,,Yes
Kaha I Ka Panoa Kaleponi Hawaiian Civic Club,Non-Profits,Hawaiian civic club,Beaumont,CA,,,,https://www.facebook.com/PANOAHCC,,,,Yes
Hawaiian Inter-Club Council of Southern California,Non-Profits,Council of ~26 Hawaiian community orgs,Los Angeles,CA,,https://hiccsc.com,,,,,,Yes
Pacific American Community Cultural Center,Non-Profits,Pacific Islander cultural center,Torrance,CA,,https://pacccenter.org,,,,,,Yes
Nā Lei Hulu I Ka Wēkiu,Non-Profits,Hawaiian hula dance company (501c3),San Francisco,CA,,https://naleihulu.org,,,,,,Yes
Hui Lokahi Outrigger Canoe Club,Non-Profits,Hawaiian outrigger canoe club,Long Beach,CA,,https://www.huilokahi.org,,,,,,Yes
Hokuloa Outrigger Canoe Club,Non-Profits,Hawaiian outrigger canoe club,Ventura,CA,,https://www.hokuloaoutrigger.com,,,,,,Yes
San Diego Outrigger Canoe Club,Non-Profits,Hawaiian outrigger canoe club,San Diego,CA,,https://www.sandiegooutrigger.net,,,,,,Yes
Empowering Pacific Islander Communities (EPIC),Non-Profits,"PI advocacy, leadership & research",Los Angeles,CA,,https://www.empoweredpi.org,,,,,,Yes
Pacific Islander Health Partnership,Non-Profits,NHPI health equity & wellness services,Santa Ana,CA,,https://pihpoc.org,,,,,,Yes
Guam Communications Network,Non-Profits,"Chamorro cultural preservation, health & social services",Long Beach,CA,,https://guamcomnet.wordpress.com,,,,,,Yes
Sons & Daughters of Guam Club,Non-Profits,Chamorro cultural preservation & family assistance,San Diego,CA,,https://sdguamclub.org,,,,,,Yes
Office of Samoan Affairs of California,Non-Profits,"Social, emotional & employment support for Samoan/PI community",Carson,CA,,,,,,,,Yes
Taulama for Tongans,Non-Profits,Health education & senior programs for Tongans/PI,San Mateo,CA,,https://www.taulama.org,,,,,,Yes
San Francisco Tongans Rise Up,Non-Profits,Organizing & empowering Tongan youth and families,San Francisco,CA,,https://sf-tru.org,,,,,,Yes
CHEʻLU (Chamorro Hands in Education Links Unity),Non-Profits,"Chamorro language, culture & health education",San Diego,CA,,http://www.chelusd.org,,,,,,Yes
Pacific Islander Festival Association (PIFA),Non-Profits,"PI cultural preservation, scholarships & festival",San Diego,CA,,https://www.pifasandiego.com,,,,,,Yes
Fiji Community of California,Non-Profits,Community support for the Fijian diaspora,Union City,CA,,https://www.fijicommunityca.org,,,,,,Yes
Filipino American Service Group (FASGI),Non-Profits,"Direct services: mental health, legal, arts & culture",Los Angeles,CA,,https://fasgi.org,,,,,,Yes
Bayanihan Community Center (Fil-Am Development Foundation),Non-Profits,Community center for Filipino American well-being,San Francisco,CA,,https://www.bayanihancc.org,,,,,,Yes
Filipino Community Center,Non-Profits,"Organizing, advocacy & services for Filipino families",San Francisco,CA,,https://www.filipinocc.org,,,,,,Yes
Fil-Am Cultural Organization (FACO),Non-Profits,"Cultural preservation, dance, Tagalog & scholarships",Oceanside,CA,,https://filamcultural.org,,,,,,Yes
Filipino Migrant Center,Non-Profits,Organizing & advocacy for low-income Filipino families,Long Beach,CA,,https://www.filipinomigrantcenter.org,,,,,,Yes
Japanese American Cultural & Community Center (JACCC),Non-Profits,Japanese American arts & culture (Little Tokyo),Los Angeles,CA,,https://www.jaccc.org,,,,,,Yes
Oakland Asian Cultural Center,Non-Profits,Asian & Pacific Islander arts & cultural programs,Oakland,CA,,https://oacc.cc,,,,,,Yes
East Bay Asian Local Development Corp (EBALDC),Non-Profits,Community development & affordable housing,Oakland,CA,,https://www.ebaldc.org,,,,,,Yes
Asian Pacific Fund,Non-Profits,Community foundation: grants & scholarships,San Francisco,CA,,https://asianpacificfund.org,,,,,,Yes
AAPI Equity Alliance,Non-Profits,AAPI civic engagement & policy advocacy,Los Angeles,CA,,https://www.aapiequityalliance.org,,,,,,Yes
Southeast Asian Community Center (SEACC),Non-Profits,Self-sufficiency & cultural preservation for SE Asians,San Francisco,CA,,https://www.seaccusa.org,,,,,,Yes
Southeast Asian Development Center (SEADC),Non-Profits,Youth development & community wellness,San Francisco,CA,,https://seadcenter.org,,,,,,Yes
Asian Pacific Islander Cultural Center (APICC),Non-Profits,Multidisciplinary API art & culture,San Francisco,CA,,https://www.apiculturalcenter.org,,,,,,Yes
"Asian Resources, Inc. (ARI)",Non-Profits,"Education, employment & advocacy for AANHPI immigrants",Sacramento,CA,,http://asianresources.org,,,,,,Yes
Advancing Justice — Southern California (AJSOCAL),Non-Profits,Legal & civil rights services for AANHPI communities,Los Angeles,CA,,https://www.ajsocal.org,,,,,,Yes
Pacific Island Knowledge 2 Action Resources (PIK2AR),Non-Profits,"PI cultural preservation, arts & economic empowerment",Salt Lake City,UT,,https://www.pik2ar.org,,,,,,Yes
Pacific Island Chamber of Commerce (PICC),Non-Profits,Pacific Islander chamber of commerce,Salt Lake City,UT,,https://www.pik2ar.org/picc,,,,,,Yes
National Tongan American Society (NTAS),Non-Profits,"Health, education & cultural preservation; Tongan festival",Salt Lake City,UT,,https://www.ntasutah.org,,,,,,Yes
Utah Pacific Islander Health Coalition (UPIHC),Non-Profits,Reducing PI health disparities statewide,Salt Lake City,UT,,https://www.upihc.org,,,,,,Yes
Southern Utah Pacific Islander Coalition (SUPIC),Non-Profits,PI health awareness & cultural events in southern Utah,St. George,UT,,https://supic.org,,,,,,Yes
Utah Marshallese Association,Non-Profits,Advocacy & community support for Marshallese in Utah,West Valley City,UT,,,,https://www.facebook.com/UtahMarshallese,,,,Yes
SAILI (Samoana Integrated Learning Initiative),Non-Profits,"Preserving Samoan language, culture & heritage",West Valley City,UT,,https://saili.org,,,,,,Yes
Le Malu,Non-Profits,"Cultural preservation, health & civic engagement",Salt Lake City,UT,,https://lemalu.org,,,,,,Yes
Hui Hawaiʻi O Utah Hawaiian Civic Club,Non-Profits,Hawaiian civic club,Salt Lake City,UT,,https://huihawaiioutah.wordpress.com,,,,,,Yes
Asian Association of Utah,Non-Profits,Services for Asian American & refugee/immigrant communities,Salt Lake City,UT,,,,,,,,Yes
UTOPIA Washington,Non-Profits,Queer/trans PI community organizing & cultural stewardship,Kent,WA,,https://utopiawa.org,,,,,,Yes
Pacific Islander Community Association of WA (PICA-WA),Non-Profits,"Cultural home, wellness, youth leadership & resources",Federal Way,WA,,https://www.picawa.org,,,,,,Yes
Tongan Community Resource Center of Washington,Non-Profits,Resources & basic-needs support for the Tongan community,Seattle,WA,,https://www.tongancrc.org,,,,,,Yes
Samoan Family Support Services,Non-Profits,"Food bank, learning center & outreach for Samoan families",Tacoma,WA,,,,,,,,Yes
First Tongan American Community of Washington,Non-Profits,"Workforce development, education & heritage preservation",Burien,WA,,,,,,,,Yes
Live Aloha Hawaiian Cultural Festival,Non-Profits,Hawaiian cultural nonprofit & festival,Seattle,WA,,https://www.seattlelivealohafestival.com,,,,,,Yes
Filipino Community of Seattle,Non-Profits,"Filipino community center, housing, senior & youth services",Seattle,WA,,https://www.filcommsea.org,,,,,,Yes
Filipino American National Historical Society (FANHS),Non-Profits,Filipino American history preservation & archives,Seattle,WA,,https://fanhs-national.org,,,,,,Yes
OCA Greater Seattle,Non-Profits,Civil/voting rights advocacy & civic engagement,Seattle,WA,,https://ocaseattle.org,,,,,,Yes
Asian Counseling and Referral Service (ACRS),Non-Profits,Behavioral health & human services for AAPIs,Seattle,WA,,https://acrs.org,,,,,,Yes
InterIm Community Development Association,Non-Profits,Affordable housing & community building for API communities,Seattle,WA,,https://interimcda.org,,,,,,Yes
Moku​ʻaina A Wakinekona Hawaiian Civic Club,Non-Profits,Hawaiian civic club (Pacific NW),Olympia,WA,,https://www.mawhcc.org,,,,,,Yes
Ka ʻAha Lāhui O ʻOlekona Hawaiian Civic Club (KALO),Non-Profits,Hawaiian civic club; PI community center,Beaverton,OR,,https://www.kalohcc.org,,,,,,Yes
UTOPIA Portland,Non-Profits,Queer/trans PI healing spaces & youth programs,Portland,OR,,https://www.utopiaportland.org,,,,,,Yes
Oregon Pacific Islander Coalition,Non-Profits,Coalition of PI orgs & leaders in Oregon,Portland,OR,,https://www.oregonpacificislanders.org,,,,,,Yes
Samoa Pacific Development Corporation,Non-Profits,"Educational, economic & cultural empowerment",Portland,OR,,https://www.samoapdx.org,,,,,,Yes
Oregon Marshallese Community Association,Non-Profits,"Marshallese cultural heritage, education & health support",Salem,OR,,https://www.oregonmarshallese.org,,,,,,Yes
Marshallese American Network (MANIT),Non-Profits,"Marshallese language, arts & traditional-practice preservation",Portland,OR,,https://manit.org,,,,,,Yes
Filipino American Association of Portland (FAAPVI),Non-Profits,Filipino community center & cultural heritage,Portland,OR,,https://www.filamportland.org,,,,,,Yes
Asian Pacific American Network of Oregon (APANO),Non-Profits,"API community organizing, advocacy & leadership",Portland,OR,,https://www.apano.org,,,,,,Yes
Arkansas Coalition of Marshallese (ACOM),Non-Profits,"Education, health, job placement & food pantry",Springdale,AR,,https://www.arkansasmarshallese.org,,,,,,Yes
Marshallese Educational Initiative (MEI),Non-Profits,Marshallese history/culture education & youth programming,Springdale,AR,,https://www.mei.ngo,,,,,,Yes
Chamorro Association of Central Texas,Non-Profits,Chamorro cultural heritage; Guam Liberation Day,Killeen,TX,,,,,,,,Yes
North Texas Chamoru Association,Non-Profits,"Chamoru education, dance & language instruction",Crowley,TX,,,,https://www.facebook.com/NTCHamoru,,,,Yes
Euless Tongan Community Committee,Non-Profits,"Tongan culture, health & education events",Euless,TX,,,,https://www.facebook.com/etcctonga,,,,Yes
Kai ʻUla Ponoʻi Texas Hawaiian Civic Club,Non-Profits,Hawaiian civic club; teaches hula,Dallas,TX,,,,https://www.facebook.com/groups/338296929527984,,,,Yes
Philippine Community Center (PCCI),Non-Profits,"Filipino culture, health & educational services",Houston,TX,,https://pccitx.org,,,,,,Yes
OCA Greater Houston,Non-Profits,Social justice advocacy & civic engagement,Houston,TX,,https://www.ocahouston.org,,,,,,Yes
Asian Texans for Justice,Non-Profits,Statewide AAPI civic advocacy & leadership training,Houston,TX,,https://www.asiantexansforjustice.org,,,,,,Yes
Pilipino American Community Endeavor (PACE),Non-Profits,Connecting DFW Filipino community toward a center,Dallas,TX,,https://www.pacedfw.co,,,,,,Yes
Vietnamese American Community of Austin (VACAT),Non-Profits,"Vietnamese heritage, civic engagement & social services",Austin,TX,,https://www.vacat.org,,,,,,Yes
Asian Resource Center of San Antonio (ARCSA),Non-Profits,Asian American cultural heritage & center development,San Antonio,TX,,https://asiancentersa.org,,,,,,Yes
Lau Kānaka No Hawaiʻi Hawaiian Civic Club of Arizona,Non-Profits,Hawaiian civic club,Phoenix,AZ,,,,https://www.facebook.com/LKNHAZ,,,,Yes
"Island Liaison, Inc.",Non-Profits,Links Pacific Islanders (esp. Micronesian) to services,Phoenix,AZ,,https://www.islandliaison.org,,,,,,Yes
OCA Greater Phoenix,Non-Profits,"AANHPI social, political & economic well-being",Scottsdale,AZ,,https://www.ocaphoenix.org,,,,,,Yes
Council of Filipino Organizations of Arizona,Non-Profits,Umbrella of Filipino orgs; culture & service,Phoenix,AZ,,https://www.pidcaz.com,,,,,,Yes
Piʻilani Hawaiian Civic Club of Colorado,Non-Profits,Hawaiian civic club (501c3),Denver,CO,,https://piilani.org,,,,,,Yes
Colorado Asian Pacific United (CAPU),Non-Profits,Preserving API diaspora history; building a cultural center,Denver,CO,,https://www.coloradoasianpacificunited.org,,,,,,Yes
Aurora Asian/Pacific Community Partnership,Non-Profits,Quality of life for AANHPI residents & businesses,Aurora,CO,,https://www.auroraasian.org,,,,,,Yes
Ke Aliʻi Victoria Kaʻiulani Hawaiian Civic Club,Non-Profits,Hawaiian civic club,Chicago,IL,,,,,,,,Yes
Filipino American Council of Greater Chicago,Non-Profits,Advocacy & cultural enrichment for Filipino Americans,Chicago,IL,,,,,,,,Yes
Philippine American Cultural Foundation (PACF),Non-Profits,Filipino cultural preservation; Piyesta Pinoy festival,Chicago,IL,,https://pacfmidwest.org,,,,,,Yes
Advancing Justice — Chicago,Non-Profits,Racial equity through advocacy & grassroots organizing,Chicago,IL,,https://advancingjustice-chicago.org,,,,,,Yes
Hālau Hula O Na Mele ʻĀina O Hawaiʻi,Non-Profits,Hawaiian hula school since 1968,New York,NY,,http://hulanewyork.com,,,,,,Yes
NaFFAA New York,Non-Profits,Filipino American civic advocacy; Queens community center,New York,NY,,https://naffaa.org,,,,,,Yes
MinKwon Center for Community Action,Non-Profits,"Korean American organizing, advocacy & civic participation",Flushing,NY,,https://minkwon.org,,,,,,Yes
Asian American Federation,Non-Profits,"Pan-Asian research, policy advocacy & organizing",New York,NY,,https://www.aafederation.org,,,,,,Yes
Asian Americans for Equality (AAFE),Non-Profits,"Housing, social services & community development",New York,NY,,https://www.aafe.org,,,,,,Yes
CAAAV Organizing Asian Communities,Non-Profits,Organizing for low-income Asian immigrants & refugees,New York,NY,,https://www.caaav.org,,,,,,Yes
Advancing Justice — Atlanta,Non-Profits,Legal advocacy & civic engagement in the Southeast,Atlanta,GA,,https://www.advancingjustice-atlanta.org,,,,,,Yes
Center for Pan Asian Community Services (CPACS),Non-Profits,Pan-Asian human services in 25+ languages,Atlanta,GA,,https://www.cpacs.org,,,,,,Yes
Filipino-American Association of Greater Atlanta,Non-Profits,Filipino heritage promotion & fellowship,Lawrenceville,GA,,https://www.atl-filam.org,,,,,,Yes
Philippine Cultural Foundation (PCFI),Non-Profits,Filipino cultural foundation; Bayanihan Center,Tampa,FL,,https://pcfitampa.org,,,,,,Yes
Pilipino American Association of Tampa Bay,Non-Profits,Filipino American cultural & civic association,Tampa,FL,,https://paatoftampa.org,,,,,,Yes
Asian American Federation of Florida,Non-Profits,Statewide coalition of 70+ Asian Pacific American orgs,North Miami,FL,,https://asianamericanfederation.org,,,,,,Yes
Asian American Heritage Council of Central Florida,Non-Profits,"Cultural preservation, education & Asian Cultural Festival",Orlando,FL,,https://www.aahc-cf.org,,,,,,Yes
Hui Hawaiʻi o Tenesi Hawaiian Civic Club,Non-Profits,Hawaiian civic club,Clarksville,TN,,https://www.huihawaiiotn.com,,,,,,Yes
Ke Aliʻi Makaʻāinana Hawaiian Civic Club of DC,Non-Profits,Hawaiian civic club,Washington,DC,,,,,,,,Yes
Hālau Nohona Hawaiʻi,Non-Profits,Hawaiian hula halau serving the DC/MD/VA region,Silver Spring,MD,,https://www.halaunohonahawaii.org,,,,,,Yes
